文件	章或段	来源	说明
01_Genesis.txt	1	https://github.com/IoannesRui/bible/blob/6cfbf71622ead0aaef5a1f6c03d62b01a42a169c/books/01_Genesis.tex	原有正文与注释，保持本仓库之前的转换内容
01_Genesis.txt	2	https://github.com/IoannesRui/bible/blob/6cfbf71622ead0aaef5a1f6c03d62b01a42a169c/books/01_Genesis.tex	原有正文与注释，保持本仓库之前的转换内容
01_Genesis.txt	3	https://github.com/IoannesRui/bible/blob/6cfbf71622ead0aaef5a1f6c03d62b01a42a169c/books/01_Genesis.tex	原有正文与注释，保持本仓库之前的转换内容
01_Genesis.txt	4	https://github.com/IoannesRui/bible/blob/6cfbf71622ead0aaef5a1f6c03d62b01a42a169c/books/01_Genesis.tex	原有正文与注释，保持本仓库之前的转换内容
01_Genesis.txt	5	https://github.com/IoannesRui/bible/blob/6cfbf71622ead0aaef5a1f6c03d62b01a42a169c/books/01_Genesis.tex	原有正文与注释，保持本仓库之前的转换内容
01_Genesis.txt	6	https://github.com/IoannesRui/bible/blob/6cfbf71622ead0aaef5a1f6c03d62b01a42a169c/books/01_Genesis.tex	原有正文与注释，保持本仓库之前的转换内容
01_Genesis.txt	7	https://github.com/IoannesRui/bible/blob/6cfbf71622ead0aaef5a1f6c03d62b01a42a169c/books/01_Genesis.tex	原有正文与注释，保持本仓库之前的转换内容
01_Genesis.txt	8	https://github.com/IoannesRui/bible/blob/6cfbf71622ead0aaef5a1f6c03d62b01a42a169c/books/01_Genesis.tex	原有正文与注释，保持本仓库之前的转换内容
01_Genesis.txt	9	https://github.com/IoannesRui/bible/blob/6cfbf71622ead0aaef5a1f6c03d62b01a42a169c/books/01_Genesis.tex	原有正文与注释，保持本仓库之前的转换内容
01_Genesis.txt	10	https://github.com/IoannesRui/bible/blob/6cfbf71622ead0aaef5a1f6c03d62b01a42a169c/books/01_Genesis.tex	原有正文与注释，保持本仓库之前的转换内容
01_Genesis.txt	11	https://github.com/IoannesRui/bible/blob/6cfbf71622ead0aaef5a1f6c03d62b01a42a169c/books/01_Genesis.tex	原有正文与注释，保持本仓库之前的转换内容
01_Genesis.txt	12	https://github.com/IoannesRui/bible/blob/6cfbf71622ead0aaef5a1f6c03d62b01a42a169c/books/01_Genesis.tex	原有正文与注释，保持本仓库之前的转换内容
01_Genesis.txt	13	https://github.com/IoannesRui/bible/blob/6cfbf71622ead0aaef5a1f6c03d62b01a42a169c/books/01_Genesis.tex	原有正文与注释，保持本仓库之前的转换内容
01_Genesis.txt	14	https://github.com/IoannesRui/bible/blob/6cfbf71622ead0aaef5a1f6c03d62b01a42a169c/books/01_Genesis.tex	原有正文与注释，保持本仓库之前的转换内容
01_Genesis.txt	15	https://github.com/IoannesRui/bible/blob/6cfbf71622ead0aaef5a1f6c03d62b01a42a169c/books/01_Genesis.tex	原有正文与注释，保持本仓库之前的转换内容
01_Genesis.txt	16	https://github.com/IoannesRui/bible/blob/6cfbf71622ead0aaef5a1f6c03d62b01a42a169c/books/01_Genesis.tex	原有正文与注释，保持本仓库之前的转换内容
01_Genesis.txt	17	https://github.com/IoannesRui/bible/blob/6cfbf71622ead0aaef5a1f6c03d62b01a42a169c/books/01_Genesis.tex	原有正文与注释，保持本仓库之前的转换内容
01_Genesis.txt	18	https://github.com/IoannesRui/bible/blob/6cfbf71622ead0aaef5a1f6c03d62b01a42a169c/books/01_Genesis.tex	原有正文与注释，保持本仓库之前的转换内容
01_Genesis.txt	19	https://github.com/IoannesRui/bible/blob/6cfbf71622ead0aaef5a1f6c03d62b01a42a169c/books/01_Genesis.tex	原有正文与注释，保持本仓库之前的转换内容
01_Genesis.txt	20	https://github.com/IoannesRui/bible/blob/6cfbf71622ead0aaef5a1f6c03d62b01a42a169c/books/01_Genesis.tex	原有正文与注释，保持本仓库之前的转换内容
01_Genesis.txt	21	https://github.com/IoannesRui/bible/blob/6cfbf71622ead0aaef5a1f6c03d62b01a42a169c/books/01_Genesis.tex	原有正文与注释，保持本仓库之前的转换内容
01_Genesis.txt	22	https://github.com/IoannesRui/bible/blob/6cfbf71622ead0aaef5a1f6c03d62b01a42a169c/books/01_Genesis.tex	原有正文与注释，保持本仓库之前的转换内容
01_Genesis.txt	23	https://github.com/IoannesRui/bible/blob/6cfbf71622ead0aaef5a1f6c03d62b01a42a169c/books/01_Genesis.tex	原有正文与注释，保持本仓库之前的转换内容
01_Genesis.txt	24	https://github.com/IoannesRui/bible/blob/6cfbf71622ead0aaef5a1f6c03d62b01a42a169c/books/01_Genesis.tex	原有正文与注释，保持本仓库之前的转换内容
01_Genesis.txt	25	https://github.com/IoannesRui/bible/blob/6cfbf71622ead0aaef5a1f6c03d62b01a42a169c/books/01_Genesis.tex	原有正文与注释，保持本仓库之前的转换内容
01_Genesis.txt	26	https://github.com/IoannesRui/bible/blob/6cfbf71622ead0aaef5a1f6c03d62b01a42a169c/books/01_Genesis.tex	原有正文与注释，保持本仓库之前的转换内容
01_Genesis.txt	27	https://github.com/IoannesRui/bible/blob/6cfbf71622ead0aaef5a1f6c03d62b01a42a169c/books/01_Genesis.tex	原有正文与注释，保持本仓库之前的转换内容
01_Genesis.txt	28	https://github.com/IoannesRui/bible/blob/6cfbf71622ead0aaef5a1f6c03d62b01a42a169c/books/01_Genesis.tex	原有正文与注释，保持本仓库之前的转换内容
01_Genesis.txt	29	https://github.com/IoannesRui/bible/blob/6cfbf71622ead0aaef5a1f6c03d62b01a42a169c/books/01_Genesis.tex	原有正文与注释，保持本仓库之前的转换内容
01_Genesis.txt	30	https://github.com/IoannesRui/bible/blob/6cfbf71622ead0aaef5a1f6c03d62b01a42a169c/books/01_Genesis.tex	原有正文与注释，保持本仓库之前的转换内容
01_Genesis.txt	31	https://github.com/IoannesRui/bible/blob/6cfbf71622ead0aaef5a1f6c03d62b01a42a169c/books/01_Genesis.tex	原有正文与注释，保持本仓库之前的转换内容
01_Genesis.txt	32	https://github.com/IoannesRui/bible/blob/6cfbf71622ead0aaef5a1f6c03d62b01a42a169c/books/01_Genesis.tex	原有正文与注释，保持本仓库之前的转换内容
01_Genesis.txt	33	https://github.com/IoannesRui/bible/blob/6cfbf71622ead0aaef5a1f6c03d62b01a42a169c/books/01_Genesis.tex	原有正文与注释，保持本仓库之前的转换内容
01_Genesis.txt	34	https://github.com/IoannesRui/bible/blob/6cfbf71622ead0aaef5a1f6c03d62b01a42a169c/books/01_Genesis.tex	原有正文与注释，保持本仓库之前的转换内容
01_Genesis.txt	35	https://github.com/IoannesRui/bible/blob/6cfbf71622ead0aaef5a1f6c03d62b01a42a169c/books/01_Genesis.tex	原有正文与注释，保持本仓库之前的转换内容
01_Genesis.txt	36	https://github.com/IoannesRui/bible/blob/6cfbf71622ead0aaef5a1f6c03d62b01a42a169c/books/01_Genesis.tex	原有正文与注释，保持本仓库之前的转换内容
01_Genesis.txt	37	https://github.com/IoannesRui/bible/blob/6cfbf71622ead0aaef5a1f6c03d62b01a42a169c/books/01_Genesis.tex	原有正文与注释，保持本仓库之前的转换内容
01_Genesis.txt	38	https://github.com/IoannesRui/bible/blob/6cfbf71622ead0aaef5a1f6c03d62b01a42a169c/books/01_Genesis.tex	原有正文与注释，保持本仓库之前的转换内容
01_Genesis.txt	39	https://github.com/IoannesRui/bible/blob/6cfbf71622ead0aaef5a1f6c03d62b01a42a169c/books/01_Genesis.tex	原有正文与注释，保持本仓库之前的转换内容
01_Genesis.txt	40	https://github.com/IoannesRui/bible/blob/6cfbf71622ead0aaef5a1f6c03d62b01a42a169c/books/01_Genesis.tex	原有正文与注释，保持本仓库之前的转换内容
01_Genesis.txt	41	https://github.com/IoannesRui/bible/blob/6cfbf71622ead0aaef5a1f6c03d62b01a42a169c/books/01_Genesis.tex	原有正文与注释，保持本仓库之前的转换内容
01_Genesis.txt	42	https://github.com/IoannesRui/bible/blob/6cfbf71622ead0aaef5a1f6c03d62b01a42a169c/books/01_Genesis.tex	原有正文与注释，保持本仓库之前的转换内容
01_Genesis.txt	43	https://github.com/IoannesRui/bible/blob/6cfbf71622ead0aaef5a1f6c03d62b01a42a169c/books/01_Genesis.tex	原有正文与注释，保持本仓库之前的转换内容
01_Genesis.txt	44	https://github.com/IoannesRui/bible/blob/6cfbf71622ead0aaef5a1f6c03d62b01a42a169c/books/01_Genesis.tex	原有正文与注释，保持本仓库之前的转换内容
01_Genesis.txt	45	https://github.com/IoannesRui/bible/blob/6cfbf71622ead0aaef5a1f6c03d62b01a42a169c/books/01_Genesis.tex	原有正文与注释，保持本仓库之前的转换内容
01_Genesis.txt	46	https://github.com/IoannesRui/bible/blob/6cfbf71622ead0aaef5a1f6c03d62b01a42a169c/books/01_Genesis.tex	原有正文与注释，保持本仓库之前的转换内容
01_Genesis.txt	47	https://github.com/IoannesRui/bible/blob/6cfbf71622ead0aaef5a1f6c03d62b01a42a169c/books/01_Genesis.tex	原有正文与注释，保持本仓库之前的转换内容
01_Genesis.txt	48	https://github.com/IoannesRui/bible/blob/6cfbf71622ead0aaef5a1f6c03d62b01a42a169c/books/01_Genesis.tex	原有正文与注释，保持本仓库之前的转换内容
01_Genesis.txt	49	https://github.com/IoannesRui/bible/blob/6cfbf71622ead0aaef5a1f6c03d62b01a42a169c/books/01_Genesis.tex	原有正文与注释，保持本仓库之前的转换内容
01_Genesis.txt	50	https://github.com/IoannesRui/bible/blob/6cfbf71622ead0aaef5a1f6c03d62b01a42a169c/books/01_Genesis.tex	原有正文与注释，保持本仓库之前的转换内容
02_Exodus.txt	1	https://github.com/IoannesRui/bible/blob/6cfbf71622ead0aaef5a1f6c03d62b01a42a169c/books/02_Exodus.tex	原有正文与注释，保持本仓库之前的转换内容
02_Exodus.txt	2	https://www.ccreadbible.org/chinesebible/sigao/Exodus_bible_Ch_2_.html	补齐正文，繁转简并统一译名
02_Exodus.txt	3	https://www.ccreadbible.org/chinesebible/sigao/Exodus_bible_Ch_3_.html	补齐正文，繁转简并统一译名
02_Exodus.txt	4	https://www.ccreadbible.org/chinesebible/sigao/Exodus_bible_Ch_4_.html	补齐正文，繁转简并统一译名
02_Exodus.txt	5	https://www.ccreadbible.org/chinesebible/sigao/Exodus_bible_Ch_5_.html	补齐正文，繁转简并统一译名
02_Exodus.txt	6	https://www.ccreadbible.org/chinesebible/sigao/Exodus_bible_Ch_6_.html	补齐正文，繁转简并统一译名
02_Exodus.txt	7	https://www.ccreadbible.org/chinesebible/sigao/Exodus_bible_Ch_7_.html	补齐正文，繁转简并统一译名
02_Exodus.txt	8	https://www.ccreadbible.org/chinesebible/sigao/Exodus_bible_Ch_8_.html	补齐正文，繁转简并统一译名
02_Exodus.txt	9	https://www.ccreadbible.org/chinesebible/sigao/Exodus_bible_Ch_9_.html	补齐正文，繁转简并统一译名
02_Exodus.txt	10	https://www.ccreadbible.org/chinesebible/sigao/Exodus_bible_Ch_10_.html	补齐正文，繁转简并统一译名
02_Exodus.txt	11	https://www.ccreadbible.org/chinesebible/sigao/Exodus_bible_Ch_11_.html	补齐正文，繁转简并统一译名
02_Exodus.txt	12	https://www.ccreadbible.org/chinesebible/sigao/Exodus_bible_Ch_12_.html	补齐正文，繁转简并统一译名
02_Exodus.txt	13	https://www.ccreadbible.org/chinesebible/sigao/Exodus_bible_Ch_13_.html	补齐正文，繁转简并统一译名
02_Exodus.txt	14	https://www.ccreadbible.org/chinesebible/sigao/Exodus_bible_Ch_14_.html	补齐正文，繁转简并统一译名
02_Exodus.txt	15	https://www.ccreadbible.org/chinesebible/sigao/Exodus_bible_Ch_15_.html	补齐正文，繁转简并统一译名
02_Exodus.txt	16	https://www.ccreadbible.org/chinesebible/sigao/Exodus_bible_Ch_16_.html	补齐正文，繁转简并统一译名
02_Exodus.txt	17	https://www.ccreadbible.org/chinesebible/sigao/Exodus_bible_Ch_17_.html	补齐正文，繁转简并统一译名
02_Exodus.txt	18	https://www.ccreadbible.org/chinesebible/sigao/Exodus_bible_Ch_18_.html	补齐正文，繁转简并统一译名
02_Exodus.txt	19	https://www.ccreadbible.org/chinesebible/sigao/Exodus_bible_Ch_19_.html	补齐正文，繁转简并统一译名
02_Exodus.txt	20	https://www.ccreadbible.org/chinesebible/sigao/Exodus_bible_Ch_20_.html	补齐正文，繁转简并统一译名
02_Exodus.txt	21	https://www.ccreadbible.org/chinesebible/sigao/Exodus_bible_Ch_21_.html	补齐正文，繁转简并统一译名
02_Exodus.txt	22	https://www.ccreadbible.org/chinesebible/sigao/Exodus_bible_Ch_22_.html	补齐正文，繁转简并统一译名
02_Exodus.txt	23	https://www.ccreadbible.org/chinesebible/sigao/Exodus_bible_Ch_23_.html	补齐正文，繁转简并统一译名
02_Exodus.txt	24	https://www.ccreadbible.org/chinesebible/sigao/Exodus_bible_Ch_24_.html	补齐正文，繁转简并统一译名
02_Exodus.txt	25	https://www.ccreadbible.org/chinesebible/sigao/Exodus_bible_Ch_25_.html	补齐正文，繁转简并统一译名
02_Exodus.txt	26	https://www.ccreadbible.org/chinesebible/sigao/Exodus_bible_Ch_26_.html	补齐正文，繁转简并统一译名
02_Exodus.txt	27	https://www.ccreadbible.org/chinesebible/sigao/Exodus_bible_Ch_27_.html	补齐正文，繁转简并统一译名
02_Exodus.txt	28	https://www.ccreadbible.org/chinesebible/sigao/Exodus_bible_Ch_28_.html	补齐正文，繁转简并统一译名
02_Exodus.txt	29	https://www.ccreadbible.org/chinesebible/sigao/Exodus_bible_Ch_29_.html	补齐正文，繁转简并统一译名
02_Exodus.txt	30	https://www.ccreadbible.org/chinesebible/sigao/Exodus_bible_Ch_30_.html	补齐正文，繁转简并统一译名
02_Exodus.txt	31	https://www.ccreadbible.org/chinesebible/sigao/Exodus_bible_Ch_31_.html	补齐正文，繁转简并统一译名
02_Exodus.txt	32	https://www.ccreadbible.org/chinesebible/sigao/Exodus_bible_Ch_32_.html	补齐正文，繁转简并统一译名
02_Exodus.txt	33	https://www.ccreadbible.org/chinesebible/sigao/Exodus_bible_Ch_33_.html	补齐正文，繁转简并统一译名
02_Exodus.txt	34	https://www.ccreadbible.org/chinesebible/sigao/Exodus_bible_Ch_34_.html	补齐正文，繁转简并统一译名
02_Exodus.txt	35	https://www.ccreadbible.org/chinesebible/sigao/Exodus_bible_Ch_35_.html	补齐正文，繁转简并统一译名
02_Exodus.txt	36	https://www.ccreadbible.org/chinesebible/sigao/Exodus_bible_Ch_36_.html	补齐正文，繁转简并统一译名
02_Exodus.txt	37	https://www.ccreadbible.org/chinesebible/sigao/Exodus_bible_Ch_37_.html	补齐正文，繁转简并统一译名
02_Exodus.txt	38	https://www.ccreadbible.org/chinesebible/sigao/Exodus_bible_Ch_38_.html	补齐正文，繁转简并统一译名
02_Exodus.txt	39	https://www.ccreadbible.org/chinesebible/sigao/Exodus_bible_Ch_39_.html	补齐正文，繁转简并统一译名
02_Exodus.txt	40	https://www.ccreadbible.org/chinesebible/sigao/Exodus_bible_Ch_40_.html	补齐正文，繁转简并统一译名
03_Leviticus.txt	1	https://www.ccreadbible.org/chinesebible/sigao/Leviticus_bible_Ch_1_.html	补齐正文，繁转简并统一译名
03_Leviticus.txt	2	https://www.ccreadbible.org/chinesebible/sigao/Leviticus_bible_Ch_2_.html	补齐正文，繁转简并统一译名
03_Leviticus.txt	3	https://www.ccreadbible.org/chinesebible/sigao/Leviticus_bible_Ch_3_.html	补齐正文，繁转简并统一译名
03_Leviticus.txt	4	https://www.ccreadbible.org/chinesebible/sigao/Leviticus_bible_Ch_4_.html	补齐正文，繁转简并统一译名
03_Leviticus.txt	5	https://www.ccreadbible.org/chinesebible/sigao/Leviticus_bible_Ch_5_.html	补齐正文，繁转简并统一译名
03_Leviticus.txt	6	https://www.ccreadbible.org/chinesebible/sigao/Leviticus_bible_Ch_6_.html	补齐正文，繁转简并统一译名
03_Leviticus.txt	7	https://www.ccreadbible.org/chinesebible/sigao/Leviticus_bible_Ch_7_.html	补齐正文，繁转简并统一译名
03_Leviticus.txt	8	https://www.ccreadbible.org/chinesebible/sigao/Leviticus_bible_Ch_8_.html	补齐正文，繁转简并统一译名
03_Leviticus.txt	9	https://www.ccreadbible.org/chinesebible/sigao/Leviticus_bible_Ch_9_.html	补齐正文，繁转简并统一译名
03_Leviticus.txt	10	https://www.ccreadbible.org/chinesebible/sigao/Leviticus_bible_Ch_10_.html	补齐正文，繁转简并统一译名
03_Leviticus.txt	11	https://www.ccreadbible.org/chinesebible/sigao/Leviticus_bible_Ch_11_.html	补齐正文，繁转简并统一译名
03_Leviticus.txt	12	https://www.ccreadbible.org/chinesebible/sigao/Leviticus_bible_Ch_12_.html	补齐正文，繁转简并统一译名
03_Leviticus.txt	13	https://www.ccreadbible.org/chinesebible/sigao/Leviticus_bible_Ch_13_.html	补齐正文，繁转简并统一译名
03_Leviticus.txt	14	https://www.ccreadbible.org/chinesebible/sigao/Leviticus_bible_Ch_14_.html	补齐正文，繁转简并统一译名
03_Leviticus.txt	15	https://www.ccreadbible.org/chinesebible/sigao/Leviticus_bible_Ch_15_.html	补齐正文，繁转简并统一译名
03_Leviticus.txt	16	https://www.ccreadbible.org/chinesebible/sigao/Leviticus_bible_Ch_16_.html	补齐正文，繁转简并统一译名
03_Leviticus.txt	17	https://www.ccreadbible.org/chinesebible/sigao/Leviticus_bible_Ch_17_.html	补齐正文，繁转简并统一译名
03_Leviticus.txt	18	https://www.ccreadbible.org/chinesebible/sigao/Leviticus_bible_Ch_18_.html	补齐正文，繁转简并统一译名
03_Leviticus.txt	19	https://www.ccreadbible.org/chinesebible/sigao/Leviticus_bible_Ch_19_.html	补齐正文，繁转简并统一译名
03_Leviticus.txt	20	https://www.ccreadbible.org/chinesebible/sigao/Leviticus_bible_Ch_20_.html	补齐正文，繁转简并统一译名
03_Leviticus.txt	21	https://www.ccreadbible.org/chinesebible/sigao/Leviticus_bible_Ch_21_.html	补齐正文，繁转简并统一译名
03_Leviticus.txt	22	https://www.ccreadbible.org/chinesebible/sigao/Leviticus_bible_Ch_22_.html	补齐正文，繁转简并统一译名
03_Leviticus.txt	23	https://www.ccreadbible.org/chinesebible/sigao/Leviticus_bible_Ch_23_.html	补齐正文，繁转简并统一译名
03_Leviticus.txt	24	https://www.ccreadbible.org/chinesebible/sigao/Leviticus_bible_Ch_24_.html	补齐正文，繁转简并统一译名
03_Leviticus.txt	25	https://www.ccreadbible.org/chinesebible/sigao/Leviticus_bible_Ch_25_.html	补齐正文，繁转简并统一译名
03_Leviticus.txt	26	https://www.ccreadbible.org/chinesebible/sigao/Leviticus_bible_Ch_26_.html	补齐正文，繁转简并统一译名
03_Leviticus.txt	27	https://www.ccreadbible.org/chinesebible/sigao/Leviticus_bible_Ch_27_.html	补齐正文，繁转简并统一译名
04_Numbers.txt	1	https://www.ccreadbible.org/chinesebible/sigao/Numbers_bible_Ch_1_.html	补齐正文，繁转简并统一译名
04_Numbers.txt	2	https://www.ccreadbible.org/chinesebible/sigao/Numbers_bible_Ch_2_.html	补齐正文，繁转简并统一译名
04_Numbers.txt	3	https://www.ccreadbible.org/chinesebible/sigao/Numbers_bible_Ch_3_.html	补齐正文，繁转简并统一译名
04_Numbers.txt	4	https://www.ccreadbible.org/chinesebible/sigao/Numbers_bible_Ch_4_.html	补齐正文，繁转简并统一译名
04_Numbers.txt	5	https://www.ccreadbible.org/chinesebible/sigao/Numbers_bible_Ch_5_.html	补齐正文，繁转简并统一译名
04_Numbers.txt	6	https://www.ccreadbible.org/chinesebible/sigao/Numbers_bible_Ch_6_.html	补齐正文，繁转简并统一译名
04_Numbers.txt	7	https://www.ccreadbible.org/chinesebible/sigao/Numbers_bible_Ch_7_.html	补齐正文，繁转简并统一译名
04_Numbers.txt	8	https://www.ccreadbible.org/chinesebible/sigao/Numbers_bible_Ch_8_.html	补齐正文，繁转简并统一译名
04_Numbers.txt	9	https://www.ccreadbible.org/chinesebible/sigao/Numbers_bible_Ch_9_.html	补齐正文，繁转简并统一译名
04_Numbers.txt	10	https://www.ccreadbible.org/chinesebible/sigao/Numbers_bible_Ch_10_.html	补齐正文，繁转简并统一译名
04_Numbers.txt	11	https://www.ccreadbible.org/chinesebible/sigao/Numbers_bible_Ch_11_.html	补齐正文，繁转简并统一译名
04_Numbers.txt	12	https://www.ccreadbible.org/chinesebible/sigao/Numbers_bible_Ch_12_.html	补齐正文，繁转简并统一译名
04_Numbers.txt	13	https://www.ccreadbible.org/chinesebible/sigao/Numbers_bible_Ch_13_.html	补齐正文，繁转简并统一译名
04_Numbers.txt	14	https://www.ccreadbible.org/chinesebible/sigao/Numbers_bible_Ch_14_.html	补齐正文，繁转简并统一译名
04_Numbers.txt	15	https://www.ccreadbible.org/chinesebible/sigao/Numbers_bible_Ch_15_.html	补齐正文，繁转简并统一译名
04_Numbers.txt	16	https://www.ccreadbible.org/chinesebible/sigao/Numbers_bible_Ch_16_.html	补齐正文，繁转简并统一译名
04_Numbers.txt	17	https://www.ccreadbible.org/chinesebible/sigao/Numbers_bible_Ch_17_.html	补齐正文，繁转简并统一译名
04_Numbers.txt	18	https://www.ccreadbible.org/chinesebible/sigao/Numbers_bible_Ch_18_.html	补齐正文，繁转简并统一译名
04_Numbers.txt	19	https://www.ccreadbible.org/chinesebible/sigao/Numbers_bible_Ch_19_.html	补齐正文，繁转简并统一译名
04_Numbers.txt	20	https://www.ccreadbible.org/chinesebible/sigao/Numbers_bible_Ch_20_.html	补齐正文，繁转简并统一译名
04_Numbers.txt	21	https://www.ccreadbible.org/chinesebible/sigao/Numbers_bible_Ch_21_.html	补齐正文，繁转简并统一译名
04_Numbers.txt	22	https://www.ccreadbible.org/chinesebible/sigao/Numbers_bible_Ch_22_.html	补齐正文，繁转简并统一译名
04_Numbers.txt	23	https://www.ccreadbible.org/chinesebible/sigao/Numbers_bible_Ch_23_.html	补齐正文，繁转简并统一译名
04_Numbers.txt	24	https://www.ccreadbible.org/chinesebible/sigao/Numbers_bible_Ch_24_.html	补齐正文，繁转简并统一译名
04_Numbers.txt	25	https://www.ccreadbible.org/chinesebible/sigao/Numbers_bible_Ch_25_.html	补齐正文，繁转简并统一译名
04_Numbers.txt	26	https://www.ccreadbible.org/chinesebible/sigao/Numbers_bible_Ch_26_.html	补齐正文，繁转简并统一译名
04_Numbers.txt	27	https://www.ccreadbible.org/chinesebible/sigao/Numbers_bible_Ch_27_.html	补齐正文，繁转简并统一译名
04_Numbers.txt	28	https://www.ccreadbible.org/chinesebible/sigao/Numbers_bible_Ch_28_.html	补齐正文，繁转简并统一译名
04_Numbers.txt	29	https://www.ccreadbible.org/chinesebible/sigao/Numbers_bible_Ch_29_.html	补齐正文，繁转简并统一译名
04_Numbers.txt	30	https://www.ccreadbible.org/chinesebible/sigao/Numbers_bible_Ch_30_.html	补齐正文，繁转简并统一译名
04_Numbers.txt	31	https://www.ccreadbible.org/chinesebible/sigao/Numbers_bible_Ch_31_.html	补齐正文，繁转简并统一译名
04_Numbers.txt	32	https://www.ccreadbible.org/chinesebible/sigao/Numbers_bible_Ch_32_.html	补齐正文，繁转简并统一译名
04_Numbers.txt	33	https://www.ccreadbible.org/chinesebible/sigao/Numbers_bible_Ch_33_.html	补齐正文，繁转简并统一译名
04_Numbers.txt	34	https://www.ccreadbible.org/chinesebible/sigao/Numbers_bible_Ch_34_.html	补齐正文，繁转简并统一译名
04_Numbers.txt	35	https://www.ccreadbible.org/chinesebible/sigao/Numbers_bible_Ch_35_.html	补齐正文，繁转简并统一译名
04_Numbers.txt	36	https://www.ccreadbible.org/chinesebible/sigao/Numbers_bible_Ch_36_.html	补齐正文，繁转简并统一译名
05_Deuteronomy.txt	1	https://www.ccreadbible.org/chinesebible/sigao/Deuteronomy_bible_Ch_1_.html	补齐正文，繁转简并统一译名
05_Deuteronomy.txt	2	https://www.ccreadbible.org/chinesebible/sigao/Deuteronomy_bible_Ch_2_.html	补齐正文，繁转简并统一译名
05_Deuteronomy.txt	3	https://www.ccreadbible.org/chinesebible/sigao/Deuteronomy_bible_Ch_3_.html	补齐正文，繁转简并统一译名
05_Deuteronomy.txt	4	https://www.ccreadbible.org/chinesebible/sigao/Deuteronomy_bible_Ch_4_.html	补齐正文，繁转简并统一译名
05_Deuteronomy.txt	5	https://www.ccreadbible.org/chinesebible/sigao/Deuteronomy_bible_Ch_5_.html	补齐正文，繁转简并统一译名
05_Deuteronomy.txt	6	https://www.ccreadbible.org/chinesebible/sigao/Deuteronomy_bible_Ch_6_.html	补齐正文，繁转简并统一译名
05_Deuteronomy.txt	7	https://www.ccreadbible.org/chinesebible/sigao/Deuteronomy_bible_Ch_7_.html	补齐正文，繁转简并统一译名
05_Deuteronomy.txt	8	https://www.ccreadbible.org/chinesebible/sigao/Deuteronomy_bible_Ch_8_.html	补齐正文，繁转简并统一译名
05_Deuteronomy.txt	9	https://www.ccreadbible.org/chinesebible/sigao/Deuteronomy_bible_Ch_9_.html	补齐正文，繁转简并统一译名
05_Deuteronomy.txt	10	https://www.ccreadbible.org/chinesebible/sigao/Deuteronomy_bible_Ch_10_.html	补齐正文，繁转简并统一译名
05_Deuteronomy.txt	11	https://www.ccreadbible.org/chinesebible/sigao/Deuteronomy_bible_Ch_11_.html	补齐正文，繁转简并统一译名
05_Deuteronomy.txt	12	https://www.ccreadbible.org/chinesebible/sigao/Deuteronomy_bible_Ch_12_.html	补齐正文，繁转简并统一译名
05_Deuteronomy.txt	13	https://www.ccreadbible.org/chinesebible/sigao/Deuteronomy_bible_Ch_13_.html	补齐正文，繁转简并统一译名
05_Deuteronomy.txt	14	https://www.ccreadbible.org/chinesebible/sigao/Deuteronomy_bible_Ch_14_.html	补齐正文，繁转简并统一译名
05_Deuteronomy.txt	15	https://www.ccreadbible.org/chinesebible/sigao/Deuteronomy_bible_Ch_15_.html	补齐正文，繁转简并统一译名
05_Deuteronomy.txt	16	https://www.ccreadbible.org/chinesebible/sigao/Deuteronomy_bible_Ch_16_.html	补齐正文，繁转简并统一译名
05_Deuteronomy.txt	17	https://www.ccreadbible.org/chinesebible/sigao/Deuteronomy_bible_Ch_17_.html	补齐正文，繁转简并统一译名
05_Deuteronomy.txt	18	https://www.ccreadbible.org/chinesebible/sigao/Deuteronomy_bible_Ch_18_.html	补齐正文，繁转简并统一译名
05_Deuteronomy.txt	19	https://www.ccreadbible.org/chinesebible/sigao/Deuteronomy_bible_Ch_19_.html	补齐正文，繁转简并统一译名
05_Deuteronomy.txt	20	https://www.ccreadbible.org/chinesebible/sigao/Deuteronomy_bible_Ch_20_.html	补齐正文，繁转简并统一译名
05_Deuteronomy.txt	21	https://www.ccreadbible.org/chinesebible/sigao/Deuteronomy_bible_Ch_21_.html	补齐正文，繁转简并统一译名
05_Deuteronomy.txt	22	https://www.ccreadbible.org/chinesebible/sigao/Deuteronomy_bible_Ch_22_.html	补齐正文，繁转简并统一译名
05_Deuteronomy.txt	23	https://www.ccreadbible.org/chinesebible/sigao/Deuteronomy_bible_Ch_23_.html	补齐正文，繁转简并统一译名
05_Deuteronomy.txt	24	https://www.ccreadbible.org/chinesebible/sigao/Deuteronomy_bible_Ch_24_.html	补齐正文，繁转简并统一译名
05_Deuteronomy.txt	25	https://www.ccreadbible.org/chinesebible/sigao/Deuteronomy_bible_Ch_25_.html	补齐正文，繁转简并统一译名
05_Deuteronomy.txt	26	https://www.ccreadbible.org/chinesebible/sigao/Deuteronomy_bible_Ch_26_.html	补齐正文，繁转简并统一译名
05_Deuteronomy.txt	27	https://www.ccreadbible.org/chinesebible/sigao/Deuteronomy_bible_Ch_27_.html	补齐正文，繁转简并统一译名
05_Deuteronomy.txt	28	https://www.ccreadbible.org/chinesebible/sigao/Deuteronomy_bible_Ch_28_.html	补齐正文，繁转简并统一译名
05_Deuteronomy.txt	29	https://www.ccreadbible.org/chinesebible/sigao/Deuteronomy_bible_Ch_29_.html	补齐正文，繁转简并统一译名
05_Deuteronomy.txt	30	https://www.ccreadbible.org/chinesebible/sigao/Deuteronomy_bible_Ch_30_.html	补齐正文，繁转简并统一译名
05_Deuteronomy.txt	31	https://www.ccreadbible.org/chinesebible/sigao/Deuteronomy_bible_Ch_31_.html	补齐正文，繁转简并统一译名
05_Deuteronomy.txt	32	https://www.ccreadbible.org/chinesebible/sigao/Deuteronomy_bible_Ch_32_.html	补齐正文，繁转简并统一译名
05_Deuteronomy.txt	33	https://www.ccreadbible.org/chinesebible/sigao/Deuteronomy_bible_Ch_33_.html	补齐正文，繁转简并统一译名
05_Deuteronomy.txt	34	https://www.ccreadbible.org/chinesebible/sigao/Deuteronomy_bible_Ch_34_.html	补齐正文，繁转简并统一译名
06_Joshua.txt	1	https://www.ccreadbible.org/chinesebible/sigao/Joshua_bible_Ch_1_.html	补齐正文，繁转简并统一译名
06_Joshua.txt	2	https://www.ccreadbible.org/chinesebible/sigao/Joshua_bible_Ch_2_.html	补齐正文，繁转简并统一译名
06_Joshua.txt	3	https://www.ccreadbible.org/chinesebible/sigao/Joshua_bible_Ch_3_.html	补齐正文，繁转简并统一译名
06_Joshua.txt	4	https://www.ccreadbible.org/chinesebible/sigao/Joshua_bible_Ch_4_.html	补齐正文，繁转简并统一译名
06_Joshua.txt	5	https://www.ccreadbible.org/chinesebible/sigao/Joshua_bible_Ch_5_.html	补齐正文，繁转简并统一译名
06_Joshua.txt	6	https://www.ccreadbible.org/chinesebible/sigao/Joshua_bible_Ch_6_.html	补齐正文，繁转简并统一译名
06_Joshua.txt	7	https://www.ccreadbible.org/chinesebible/sigao/Joshua_bible_Ch_7_.html	补齐正文，繁转简并统一译名
06_Joshua.txt	8	https://www.ccreadbible.org/chinesebible/sigao/Joshua_bible_Ch_8_.html	补齐正文，繁转简并统一译名
06_Joshua.txt	9	https://www.ccreadbible.org/chinesebible/sigao/Joshua_bible_Ch_9_.html	补齐正文，繁转简并统一译名
06_Joshua.txt	10	https://www.ccreadbible.org/chinesebible/sigao/Joshua_bible_Ch_10_.html	补齐正文，繁转简并统一译名
06_Joshua.txt	11	https://www.ccreadbible.org/chinesebible/sigao/Joshua_bible_Ch_11_.html	补齐正文，繁转简并统一译名
06_Joshua.txt	12	https://www.ccreadbible.org/chinesebible/sigao/Joshua_bible_Ch_12_.html	补齐正文，繁转简并统一译名
06_Joshua.txt	13	https://www.ccreadbible.org/chinesebible/sigao/Joshua_bible_Ch_13_.html	补齐正文，繁转简并统一译名
06_Joshua.txt	14	https://www.ccreadbible.org/chinesebible/sigao/Joshua_bible_Ch_14_.html	补齐正文，繁转简并统一译名
06_Joshua.txt	15	https://www.ccreadbible.org/chinesebible/sigao/Joshua_bible_Ch_15_.html	补齐正文，繁转简并统一译名
06_Joshua.txt	16	https://www.ccreadbible.org/chinesebible/sigao/Joshua_bible_Ch_16_.html	补齐正文，繁转简并统一译名
06_Joshua.txt	17	https://www.ccreadbible.org/chinesebible/sigao/Joshua_bible_Ch_17_.html	补齐正文，繁转简并统一译名
06_Joshua.txt	18	https://www.ccreadbible.org/chinesebible/sigao/Joshua_bible_Ch_18_.html	补齐正文，繁转简并统一译名
06_Joshua.txt	19	https://www.ccreadbible.org/chinesebible/sigao/Joshua_bible_Ch_19_.html	补齐正文，繁转简并统一译名
06_Joshua.txt	20	https://www.ccreadbible.org/chinesebible/sigao/Joshua_bible_Ch_20_.html	补齐正文，繁转简并统一译名
06_Joshua.txt	21	https://www.ccreadbible.org/chinesebible/sigao/Joshua_bible_Ch_21_.html	补齐正文，繁转简并统一译名
06_Joshua.txt	22	https://www.ccreadbible.org/chinesebible/sigao/Joshua_bible_Ch_22_.html	补齐正文，繁转简并统一译名
06_Joshua.txt	23	https://www.ccreadbible.org/chinesebible/sigao/Joshua_bible_Ch_23_.html	补齐正文，繁转简并统一译名
06_Joshua.txt	24	https://www.ccreadbible.org/chinesebible/sigao/Joshua_bible_Ch_24_.html	补齐正文，繁转简并统一译名
07_Judges.txt	1	https://www.ccreadbible.org/chinesebible/sigao/Judges_bible_Ch_1_.html	补齐正文，繁转简并统一译名
07_Judges.txt	2	https://www.ccreadbible.org/chinesebible/sigao/Judges_bible_Ch_2_.html	补齐正文，繁转简并统一译名
07_Judges.txt	3	https://www.ccreadbible.org/chinesebible/sigao/Judges_bible_Ch_3_.html	补齐正文，繁转简并统一译名
07_Judges.txt	4	https://www.ccreadbible.org/chinesebible/sigao/Judges_bible_Ch_4_.html	补齐正文，繁转简并统一译名
07_Judges.txt	5	https://www.ccreadbible.org/chinesebible/sigao/Judges_bible_Ch_5_.html	补齐正文，繁转简并统一译名
07_Judges.txt	6	https://www.ccreadbible.org/chinesebible/sigao/Judges_bible_Ch_6_.html	补齐正文，繁转简并统一译名
07_Judges.txt	7	https://www.ccreadbible.org/chinesebible/sigao/Judges_bible_Ch_7_.html	补齐正文，繁转简并统一译名
07_Judges.txt	8	https://www.ccreadbible.org/chinesebible/sigao/Judges_bible_Ch_8_.html	补齐正文，繁转简并统一译名
07_Judges.txt	9	https://www.ccreadbible.org/chinesebible/sigao/Judges_bible_Ch_9_.html	补齐正文，繁转简并统一译名
07_Judges.txt	10	https://www.ccreadbible.org/chinesebible/sigao/Judges_bible_Ch_10_.html	补齐正文，繁转简并统一译名
07_Judges.txt	11	https://www.ccreadbible.org/chinesebible/sigao/Judges_bible_Ch_11_.html	补齐正文，繁转简并统一译名
07_Judges.txt	12	https://www.ccreadbible.org/chinesebible/sigao/Judges_bible_Ch_12_.html	补齐正文，繁转简并统一译名
07_Judges.txt	13	https://www.ccreadbible.org/chinesebible/sigao/Judges_bible_Ch_13_.html	补齐正文，繁转简并统一译名
07_Judges.txt	14	https://www.ccreadbible.org/chinesebible/sigao/Judges_bible_Ch_14_.html	补齐正文，繁转简并统一译名
07_Judges.txt	15	https://www.ccreadbible.org/chinesebible/sigao/Judges_bible_Ch_15_.html	补齐正文，繁转简并统一译名
07_Judges.txt	16	https://www.ccreadbible.org/chinesebible/sigao/Judges_bible_Ch_16_.html	补齐正文，繁转简并统一译名
07_Judges.txt	17	https://www.ccreadbible.org/chinesebible/sigao/Judges_bible_Ch_17_.html	补齐正文，繁转简并统一译名
07_Judges.txt	18	https://www.ccreadbible.org/chinesebible/sigao/Judges_bible_Ch_18_.html	补齐正文，繁转简并统一译名
07_Judges.txt	19	https://www.ccreadbible.org/chinesebible/sigao/Judges_bible_Ch_19_.html	补齐正文，繁转简并统一译名
07_Judges.txt	20	https://www.ccreadbible.org/chinesebible/sigao/Judges_bible_Ch_20_.html	补齐正文，繁转简并统一译名
07_Judges.txt	21	https://www.ccreadbible.org/chinesebible/sigao/Judges_bible_Ch_21_.html	补齐正文，繁转简并统一译名
08_Ruth.txt	1	https://www.ccreadbible.org/chinesebible/sigao/Ruth_bible_Ch_1_.html	补齐正文，繁转简并统一译名
08_Ruth.txt	2	https://www.ccreadbible.org/chinesebible/sigao/Ruth_bible_Ch_2_.html	补齐正文，繁转简并统一译名
08_Ruth.txt	3	https://www.ccreadbible.org/chinesebible/sigao/Ruth_bible_Ch_3_.html	补齐正文，繁转简并统一译名
08_Ruth.txt	4	https://www.ccreadbible.org/chinesebible/sigao/Ruth_bible_Ch_4_.html	补齐正文，繁转简并统一译名
09_1_Samuel.txt	1	https://www.ccreadbible.org/chinesebible/sigao/1_Samuel_bible_Ch_1_.html	补齐正文，繁转简并统一译名
09_1_Samuel.txt	2	https://www.ccreadbible.org/chinesebible/sigao/1_Samuel_bible_Ch_2_.html	补齐正文，繁转简并统一译名
09_1_Samuel.txt	3	https://www.ccreadbible.org/chinesebible/sigao/1_Samuel_bible_Ch_3_.html	补齐正文，繁转简并统一译名
09_1_Samuel.txt	4	https://www.ccreadbible.org/chinesebible/sigao/1_Samuel_bible_Ch_4_.html	补齐正文，繁转简并统一译名
09_1_Samuel.txt	5	https://www.ccreadbible.org/chinesebible/sigao/1_Samuel_bible_Ch_5_.html	补齐正文，繁转简并统一译名
09_1_Samuel.txt	6	https://www.ccreadbible.org/chinesebible/sigao/1_Samuel_bible_Ch_6_.html	补齐正文，繁转简并统一译名
09_1_Samuel.txt	7	https://www.ccreadbible.org/chinesebible/sigao/1_Samuel_bible_Ch_7_.html	补齐正文，繁转简并统一译名
09_1_Samuel.txt	8	https://www.ccreadbible.org/chinesebible/sigao/1_Samuel_bible_Ch_8_.html	补齐正文，繁转简并统一译名
09_1_Samuel.txt	9	https://www.ccreadbible.org/chinesebible/sigao/1_Samuel_bible_Ch_9_.html	补齐正文，繁转简并统一译名
09_1_Samuel.txt	10	https://www.ccreadbible.org/chinesebible/sigao/1_Samuel_bible_Ch_10_.html	补齐正文，繁转简并统一译名
09_1_Samuel.txt	11	https://www.ccreadbible.org/chinesebible/sigao/1_Samuel_bible_Ch_11_.html	补齐正文，繁转简并统一译名
09_1_Samuel.txt	12	https://www.ccreadbible.org/chinesebible/sigao/1_Samuel_bible_Ch_12_.html	补齐正文，繁转简并统一译名
09_1_Samuel.txt	13	https://www.ccreadbible.org/chinesebible/sigao/1_Samuel_bible_Ch_13_.html	补齐正文，繁转简并统一译名
09_1_Samuel.txt	14	https://www.ccreadbible.org/chinesebible/sigao/1_Samuel_bible_Ch_14_.html	补齐正文，繁转简并统一译名
09_1_Samuel.txt	15	https://www.ccreadbible.org/chinesebible/sigao/1_Samuel_bible_Ch_15_.html	补齐正文，繁转简并统一译名
09_1_Samuel.txt	16	https://www.ccreadbible.org/chinesebible/sigao/1_Samuel_bible_Ch_16_.html	补齐正文，繁转简并统一译名
09_1_Samuel.txt	17	https://www.ccreadbible.org/chinesebible/sigao/1_Samuel_bible_Ch_17_.html	补齐正文，繁转简并统一译名
09_1_Samuel.txt	18	https://www.ccreadbible.org/chinesebible/sigao/1_Samuel_bible_Ch_18_.html	补齐正文，繁转简并统一译名
09_1_Samuel.txt	19	https://www.ccreadbible.org/chinesebible/sigao/1_Samuel_bible_Ch_19_.html	补齐正文，繁转简并统一译名
09_1_Samuel.txt	20	https://www.ccreadbible.org/chinesebible/sigao/1_Samuel_bible_Ch_20_.html	补齐正文，繁转简并统一译名
09_1_Samuel.txt	21	https://www.ccreadbible.org/chinesebible/sigao/1_Samuel_bible_Ch_21_.html	补齐正文，繁转简并统一译名
09_1_Samuel.txt	22	https://www.ccreadbible.org/chinesebible/sigao/1_Samuel_bible_Ch_22_.html	补齐正文，繁转简并统一译名
09_1_Samuel.txt	23	https://www.ccreadbible.org/chinesebible/sigao/1_Samuel_bible_Ch_23_.html	补齐正文，繁转简并统一译名
09_1_Samuel.txt	24	https://www.ccreadbible.org/chinesebible/sigao/1_Samuel_bible_Ch_24_.html	补齐正文，繁转简并统一译名
09_1_Samuel.txt	25	https://www.ccreadbible.org/chinesebible/sigao/1_Samuel_bible_Ch_25_.html	补齐正文，繁转简并统一译名
09_1_Samuel.txt	26	https://www.ccreadbible.org/chinesebible/sigao/1_Samuel_bible_Ch_26_.html	补齐正文，繁转简并统一译名
09_1_Samuel.txt	27	https://www.ccreadbible.org/chinesebible/sigao/1_Samuel_bible_Ch_27_.html	补齐正文，繁转简并统一译名
09_1_Samuel.txt	28	https://www.ccreadbible.org/chinesebible/sigao/1_Samuel_bible_Ch_28_.html	补齐正文，繁转简并统一译名
09_1_Samuel.txt	29	https://www.ccreadbible.org/chinesebible/sigao/1_Samuel_bible_Ch_29_.html	补齐正文，繁转简并统一译名
09_1_Samuel.txt	30	https://www.ccreadbible.org/chinesebible/sigao/1_Samuel_bible_Ch_30_.html	补齐正文，繁转简并统一译名
09_1_Samuel.txt	31	https://www.ccreadbible.org/chinesebible/sigao/1_Samuel_bible_Ch_31_.html	补齐正文，繁转简并统一译名
10_2_Samuel.txt	1	https://www.ccreadbible.org/chinesebible/sigao/2_Samuel_bible_Ch_1_.html	补齐正文，繁转简并统一译名
10_2_Samuel.txt	2	https://www.ccreadbible.org/chinesebible/sigao/2_Samuel_bible_Ch_2_.html	补齐正文，繁转简并统一译名
10_2_Samuel.txt	3	https://www.ccreadbible.org/chinesebible/sigao/2_Samuel_bible_Ch_3_.html	补齐正文，繁转简并统一译名
10_2_Samuel.txt	4	https://www.ccreadbible.org/chinesebible/sigao/2_Samuel_bible_Ch_4_.html	补齐正文，繁转简并统一译名
10_2_Samuel.txt	5	https://www.ccreadbible.org/chinesebible/sigao/2_Samuel_bible_Ch_5_.html	补齐正文，繁转简并统一译名
10_2_Samuel.txt	6	https://www.ccreadbible.org/chinesebible/sigao/2_Samuel_bible_Ch_6_.html	补齐正文，繁转简并统一译名
10_2_Samuel.txt	7	https://www.ccreadbible.org/chinesebible/sigao/2_Samuel_bible_Ch_7_.html	补齐正文，繁转简并统一译名
10_2_Samuel.txt	8	https://www.ccreadbible.org/chinesebible/sigao/2_Samuel_bible_Ch_8_.html	补齐正文，繁转简并统一译名
10_2_Samuel.txt	9	https://www.ccreadbible.org/chinesebible/sigao/2_Samuel_bible_Ch_9_.html	补齐正文，繁转简并统一译名
10_2_Samuel.txt	10	https://www.ccreadbible.org/chinesebible/sigao/2_Samuel_bible_Ch_10_.html	补齐正文，繁转简并统一译名
10_2_Samuel.txt	11	https://www.ccreadbible.org/chinesebible/sigao/2_Samuel_bible_Ch_11_.html	补齐正文，繁转简并统一译名
10_2_Samuel.txt	12	https://www.ccreadbible.org/chinesebible/sigao/2_Samuel_bible_Ch_12_.html	补齐正文，繁转简并统一译名
10_2_Samuel.txt	13	https://www.ccreadbible.org/chinesebible/sigao/2_Samuel_bible_Ch_13_.html	补齐正文，繁转简并统一译名
10_2_Samuel.txt	14	https://www.ccreadbible.org/chinesebible/sigao/2_Samuel_bible_Ch_14_.html	补齐正文，繁转简并统一译名
10_2_Samuel.txt	15	https://www.ccreadbible.org/chinesebible/sigao/2_Samuel_bible_Ch_15_.html	补齐正文，繁转简并统一译名
10_2_Samuel.txt	16	https://www.ccreadbible.org/chinesebible/sigao/2_Samuel_bible_Ch_16_.html	补齐正文，繁转简并统一译名
10_2_Samuel.txt	17	https://www.ccreadbible.org/chinesebible/sigao/2_Samuel_bible_Ch_17_.html	补齐正文，繁转简并统一译名
10_2_Samuel.txt	18	https://www.ccreadbible.org/chinesebible/sigao/2_Samuel_bible_Ch_18_.html	补齐正文，繁转简并统一译名
10_2_Samuel.txt	19	https://www.ccreadbible.org/chinesebible/sigao/2_Samuel_bible_Ch_19_.html	补齐正文，繁转简并统一译名
10_2_Samuel.txt	20	https://www.ccreadbible.org/chinesebible/sigao/2_Samuel_bible_Ch_20_.html	补齐正文，繁转简并统一译名
10_2_Samuel.txt	21	https://www.ccreadbible.org/chinesebible/sigao/2_Samuel_bible_Ch_21_.html	补齐正文，繁转简并统一译名
10_2_Samuel.txt	22	https://www.ccreadbible.org/chinesebible/sigao/2_Samuel_bible_Ch_22_.html	补齐正文，繁转简并统一译名
10_2_Samuel.txt	23	https://www.ccreadbible.org/chinesebible/sigao/2_Samuel_bible_Ch_23_.html	补齐正文，繁转简并统一译名
10_2_Samuel.txt	24	https://www.ccreadbible.org/chinesebible/sigao/2_Samuel_bible_Ch_24_.html	补齐正文，繁转简并统一译名
11_1_Kings.txt	1	https://www.ccreadbible.org/chinesebible/sigao/1_Kings_bible_Ch_1_.html	补齐正文，繁转简并统一译名
11_1_Kings.txt	2	https://www.ccreadbible.org/chinesebible/sigao/1_Kings_bible_Ch_2_.html	补齐正文，繁转简并统一译名
11_1_Kings.txt	3	https://www.ccreadbible.org/chinesebible/sigao/1_Kings_bible_Ch_3_.html	补齐正文，繁转简并统一译名
11_1_Kings.txt	4	https://www.ccreadbible.org/chinesebible/sigao/1_Kings_bible_Ch_4_.html	补齐正文，繁转简并统一译名
11_1_Kings.txt	5	https://www.ccreadbible.org/chinesebible/sigao/1_Kings_bible_Ch_5_.html	补齐正文，繁转简并统一译名
11_1_Kings.txt	6	https://www.ccreadbible.org/chinesebible/sigao/1_Kings_bible_Ch_6_.html	补齐正文，繁转简并统一译名
11_1_Kings.txt	7	https://www.ccreadbible.org/chinesebible/sigao/1_Kings_bible_Ch_7_.html	补齐正文，繁转简并统一译名
11_1_Kings.txt	8	https://www.ccreadbible.org/chinesebible/sigao/1_Kings_bible_Ch_8_.html	补齐正文，繁转简并统一译名
11_1_Kings.txt	9	https://www.ccreadbible.org/chinesebible/sigao/1_Kings_bible_Ch_9_.html	补齐正文，繁转简并统一译名
11_1_Kings.txt	10	https://www.ccreadbible.org/chinesebible/sigao/1_Kings_bible_Ch_10_.html	补齐正文，繁转简并统一译名
11_1_Kings.txt	11	https://www.ccreadbible.org/chinesebible/sigao/1_Kings_bible_Ch_11_.html	补齐正文，繁转简并统一译名
11_1_Kings.txt	12	https://www.ccreadbible.org/chinesebible/sigao/1_Kings_bible_Ch_12_.html	补齐正文，繁转简并统一译名
11_1_Kings.txt	13	https://www.ccreadbible.org/chinesebible/sigao/1_Kings_bible_Ch_13_.html	补齐正文，繁转简并统一译名
11_1_Kings.txt	14	https://www.ccreadbible.org/chinesebible/sigao/1_Kings_bible_Ch_14_.html	补齐正文，繁转简并统一译名
11_1_Kings.txt	15	https://www.ccreadbible.org/chinesebible/sigao/1_Kings_bible_Ch_15_.html	补齐正文，繁转简并统一译名
11_1_Kings.txt	16	https://www.ccreadbible.org/chinesebible/sigao/1_Kings_bible_Ch_16_.html	补齐正文，繁转简并统一译名
11_1_Kings.txt	17	https://www.ccreadbible.org/chinesebible/sigao/1_Kings_bible_Ch_17_.html	补齐正文，繁转简并统一译名
11_1_Kings.txt	18	https://www.ccreadbible.org/chinesebible/sigao/1_Kings_bible_Ch_18_.html	补齐正文，繁转简并统一译名
11_1_Kings.txt	19	https://www.ccreadbible.org/chinesebible/sigao/1_Kings_bible_Ch_19_.html	补齐正文，繁转简并统一译名
11_1_Kings.txt	20	https://www.ccreadbible.org/chinesebible/sigao/1_Kings_bible_Ch_20_.html	补齐正文，繁转简并统一译名
11_1_Kings.txt	21	https://www.ccreadbible.org/chinesebible/sigao/1_Kings_bible_Ch_21_.html	补齐正文，繁转简并统一译名
11_1_Kings.txt	22	https://www.ccreadbible.org/chinesebible/sigao/1_Kings_bible_Ch_22_.html	补齐正文，繁转简并统一译名
12_2_Kings.txt	1	https://www.ccreadbible.org/chinesebible/sigao/2_Kings_bible_Ch_1_.html	补齐正文，繁转简并统一译名
12_2_Kings.txt	2	https://www.ccreadbible.org/chinesebible/sigao/2_Kings_bible_Ch_2_.html	补齐正文，繁转简并统一译名
12_2_Kings.txt	3	https://www.ccreadbible.org/chinesebible/sigao/2_Kings_bible_Ch_3_.html	补齐正文，繁转简并统一译名
12_2_Kings.txt	4	https://www.ccreadbible.org/chinesebible/sigao/2_Kings_bible_Ch_4_.html	补齐正文，繁转简并统一译名
12_2_Kings.txt	5	https://www.ccreadbible.org/chinesebible/sigao/2_Kings_bible_Ch_5_.html	补齐正文，繁转简并统一译名
12_2_Kings.txt	6	https://www.ccreadbible.org/chinesebible/sigao/2_Kings_bible_Ch_6_.html	补齐正文，繁转简并统一译名
12_2_Kings.txt	7	https://www.ccreadbible.org/chinesebible/sigao/2_Kings_bible_Ch_7_.html	补齐正文，繁转简并统一译名
12_2_Kings.txt	8	https://www.ccreadbible.org/chinesebible/sigao/2_Kings_bible_Ch_8_.html	补齐正文，繁转简并统一译名
12_2_Kings.txt	9	https://www.ccreadbible.org/chinesebible/sigao/2_Kings_bible_Ch_9_.html	补齐正文，繁转简并统一译名
12_2_Kings.txt	10	https://www.ccreadbible.org/chinesebible/sigao/2_Kings_bible_Ch_10_.html	补齐正文，繁转简并统一译名
12_2_Kings.txt	11	https://www.ccreadbible.org/chinesebible/sigao/2_Kings_bible_Ch_11_.html	补齐正文，繁转简并统一译名
12_2_Kings.txt	12	https://www.ccreadbible.org/chinesebible/sigao/2_Kings_bible_Ch_12_.html	补齐正文，繁转简并统一译名
12_2_Kings.txt	13	https://www.ccreadbible.org/chinesebible/sigao/2_Kings_bible_Ch_13_.html	补齐正文，繁转简并统一译名
12_2_Kings.txt	14	https://www.ccreadbible.org/chinesebible/sigao/2_Kings_bible_Ch_14_.html	补齐正文，繁转简并统一译名
12_2_Kings.txt	15	https://www.ccreadbible.org/chinesebible/sigao/2_Kings_bible_Ch_15_.html	补齐正文，繁转简并统一译名
12_2_Kings.txt	16	https://www.ccreadbible.org/chinesebible/sigao/2_Kings_bible_Ch_16_.html	补齐正文，繁转简并统一译名
12_2_Kings.txt	17	https://www.ccreadbible.org/chinesebible/sigao/2_Kings_bible_Ch_17_.html	补齐正文，繁转简并统一译名
12_2_Kings.txt	18	https://www.ccreadbible.org/chinesebible/sigao/2_Kings_bible_Ch_18_.html	补齐正文，繁转简并统一译名
12_2_Kings.txt	19	https://www.ccreadbible.org/chinesebible/sigao/2_Kings_bible_Ch_19_.html	补齐正文，繁转简并统一译名
12_2_Kings.txt	20	https://www.ccreadbible.org/chinesebible/sigao/2_Kings_bible_Ch_20_.html	补齐正文，繁转简并统一译名
12_2_Kings.txt	21	https://www.ccreadbible.org/chinesebible/sigao/2_Kings_bible_Ch_21_.html	补齐正文，繁转简并统一译名
12_2_Kings.txt	22	https://www.ccreadbible.org/chinesebible/sigao/2_Kings_bible_Ch_22_.html	补齐正文，繁转简并统一译名
12_2_Kings.txt	23	https://www.ccreadbible.org/chinesebible/sigao/2_Kings_bible_Ch_23_.html	补齐正文，繁转简并统一译名
12_2_Kings.txt	24	https://www.ccreadbible.org/chinesebible/sigao/2_Kings_bible_Ch_24_.html	补齐正文，繁转简并统一译名
12_2_Kings.txt	25	https://www.ccreadbible.org/chinesebible/sigao/2_Kings_bible_Ch_25_.html	补齐正文，繁转简并统一译名
13_1_Chronicles.txt	1	https://www.ccreadbible.org/chinesebible/sigao/1_Chronicles_bible_Ch_1_.html	补齐正文，繁转简并统一译名
13_1_Chronicles.txt	2	https://www.ccreadbible.org/chinesebible/sigao/1_Chronicles_bible_Ch_2_.html	补齐正文，繁转简并统一译名
13_1_Chronicles.txt	3	https://www.ccreadbible.org/chinesebible/sigao/1_Chronicles_bible_Ch_3_.html	补齐正文，繁转简并统一译名
13_1_Chronicles.txt	4	https://www.ccreadbible.org/chinesebible/sigao/1_Chronicles_bible_Ch_4_.html	补齐正文，繁转简并统一译名
13_1_Chronicles.txt	5	https://www.ccreadbible.org/chinesebible/sigao/1_Chronicles_bible_Ch_5_.html	补齐正文，繁转简并统一译名
13_1_Chronicles.txt	6	https://www.ccreadbible.org/chinesebible/sigao/1_Chronicles_bible_Ch_6_.html	补齐正文，繁转简并统一译名
13_1_Chronicles.txt	7	https://www.ccreadbible.org/chinesebible/sigao/1_Chronicles_bible_Ch_7_.html	补齐正文，繁转简并统一译名
13_1_Chronicles.txt	8	https://www.ccreadbible.org/chinesebible/sigao/1_Chronicles_bible_Ch_8_.html	补齐正文，繁转简并统一译名
13_1_Chronicles.txt	9	https://www.ccreadbible.org/chinesebible/sigao/1_Chronicles_bible_Ch_9_.html	补齐正文，繁转简并统一译名
13_1_Chronicles.txt	10	https://www.ccreadbible.org/chinesebible/sigao/1_Chronicles_bible_Ch_10_.html	补齐正文，繁转简并统一译名
13_1_Chronicles.txt	11	https://www.ccreadbible.org/chinesebible/sigao/1_Chronicles_bible_Ch_11_.html	补齐正文，繁转简并统一译名
13_1_Chronicles.txt	12	https://www.ccreadbible.org/chinesebible/sigao/1_Chronicles_bible_Ch_12_.html	补齐正文，繁转简并统一译名
13_1_Chronicles.txt	13	https://www.ccreadbible.org/chinesebible/sigao/1_Chronicles_bible_Ch_13_.html	补齐正文，繁转简并统一译名
13_1_Chronicles.txt	14	https://www.ccreadbible.org/chinesebible/sigao/1_Chronicles_bible_Ch_14_.html	补齐正文，繁转简并统一译名
13_1_Chronicles.txt	15	https://www.ccreadbible.org/chinesebible/sigao/1_Chronicles_bible_Ch_15_.html	补齐正文，繁转简并统一译名
13_1_Chronicles.txt	16	https://www.ccreadbible.org/chinesebible/sigao/1_Chronicles_bible_Ch_16_.html	补齐正文，繁转简并统一译名
13_1_Chronicles.txt	17	https://www.ccreadbible.org/chinesebible/sigao/1_Chronicles_bible_Ch_17_.html	补齐正文，繁转简并统一译名
13_1_Chronicles.txt	18	https://www.ccreadbible.org/chinesebible/sigao/1_Chronicles_bible_Ch_18_.html	补齐正文，繁转简并统一译名
13_1_Chronicles.txt	19	https://www.ccreadbible.org/chinesebible/sigao/1_Chronicles_bible_Ch_19_.html	补齐正文，繁转简并统一译名
13_1_Chronicles.txt	20	https://www.ccreadbible.org/chinesebible/sigao/1_Chronicles_bible_Ch_20_.html	补齐正文，繁转简并统一译名
13_1_Chronicles.txt	21	https://www.ccreadbible.org/chinesebible/sigao/1_Chronicles_bible_Ch_21_.html	补齐正文，繁转简并统一译名
13_1_Chronicles.txt	22	https://www.ccreadbible.org/chinesebible/sigao/1_Chronicles_bible_Ch_22_.html	补齐正文，繁转简并统一译名
13_1_Chronicles.txt	23	https://www.ccreadbible.org/chinesebible/sigao/1_Chronicles_bible_Ch_23_.html	补齐正文，繁转简并统一译名
13_1_Chronicles.txt	24	https://www.ccreadbible.org/chinesebible/sigao/1_Chronicles_bible_Ch_24_.html	补齐正文，繁转简并统一译名
13_1_Chronicles.txt	25	https://www.ccreadbible.org/chinesebible/sigao/1_Chronicles_bible_Ch_25_.html	补齐正文，繁转简并统一译名
13_1_Chronicles.txt	26	https://www.ccreadbible.org/chinesebible/sigao/1_Chronicles_bible_Ch_26_.html	补齐正文，繁转简并统一译名
13_1_Chronicles.txt	27	https://www.ccreadbible.org/chinesebible/sigao/1_Chronicles_bible_Ch_27_.html	补齐正文，繁转简并统一译名
13_1_Chronicles.txt	28	https://www.ccreadbible.org/chinesebible/sigao/1_Chronicles_bible_Ch_28_.html	补齐正文，繁转简并统一译名
13_1_Chronicles.txt	29	https://www.ccreadbible.org/chinesebible/sigao/1_Chronicles_bible_Ch_29_.html	补齐正文，繁转简并统一译名
14_2_Chronicles.txt	1	https://www.ccreadbible.org/chinesebible/sigao/2_Chronicles_bible_Ch_1_.html	补齐正文，繁转简并统一译名
14_2_Chronicles.txt	2	https://www.ccreadbible.org/chinesebible/sigao/2_Chronicles_bible_Ch_2_.html	补齐正文，繁转简并统一译名
14_2_Chronicles.txt	3	https://www.ccreadbible.org/chinesebible/sigao/2_Chronicles_bible_Ch_3_.html	补齐正文，繁转简并统一译名
14_2_Chronicles.txt	4	https://www.ccreadbible.org/chinesebible/sigao/2_Chronicles_bible_Ch_4_.html	补齐正文，繁转简并统一译名
14_2_Chronicles.txt	5	https://www.ccreadbible.org/chinesebible/sigao/2_Chronicles_bible_Ch_5_.html	补齐正文，繁转简并统一译名
14_2_Chronicles.txt	6	https://www.ccreadbible.org/chinesebible/sigao/2_Chronicles_bible_Ch_6_.html	补齐正文，繁转简并统一译名
14_2_Chronicles.txt	7	https://www.ccreadbible.org/chinesebible/sigao/2_Chronicles_bible_Ch_7_.html	补齐正文，繁转简并统一译名
14_2_Chronicles.txt	8	https://www.ccreadbible.org/chinesebible/sigao/2_Chronicles_bible_Ch_8_.html	补齐正文，繁转简并统一译名
14_2_Chronicles.txt	9	https://www.ccreadbible.org/chinesebible/sigao/2_Chronicles_bible_Ch_9_.html	补齐正文，繁转简并统一译名
14_2_Chronicles.txt	10	https://www.ccreadbible.org/chinesebible/sigao/2_Chronicles_bible_Ch_10_.html	补齐正文，繁转简并统一译名
14_2_Chronicles.txt	11	https://www.ccreadbible.org/chinesebible/sigao/2_Chronicles_bible_Ch_11_.html	补齐正文，繁转简并统一译名
14_2_Chronicles.txt	12	https://www.ccreadbible.org/chinesebible/sigao/2_Chronicles_bible_Ch_12_.html	补齐正文，繁转简并统一译名
14_2_Chronicles.txt	13	https://www.ccreadbible.org/chinesebible/sigao/2_Chronicles_bible_Ch_13_.html	补齐正文，繁转简并统一译名
14_2_Chronicles.txt	14	https://www.ccreadbible.org/chinesebible/sigao/2_Chronicles_bible_Ch_14_.html	补齐正文，繁转简并统一译名
14_2_Chronicles.txt	15	https://www.ccreadbible.org/chinesebible/sigao/2_Chronicles_bible_Ch_15_.html	补齐正文，繁转简并统一译名
14_2_Chronicles.txt	16	https://www.ccreadbible.org/chinesebible/sigao/2_Chronicles_bible_Ch_16_.html	补齐正文，繁转简并统一译名
14_2_Chronicles.txt	17	https://www.ccreadbible.org/chinesebible/sigao/2_Chronicles_bible_Ch_17_.html	补齐正文，繁转简并统一译名
14_2_Chronicles.txt	18	https://www.ccreadbible.org/chinesebible/sigao/2_Chronicles_bible_Ch_18_.html	补齐正文，繁转简并统一译名
14_2_Chronicles.txt	19	https://www.ccreadbible.org/chinesebible/sigao/2_Chronicles_bible_Ch_19_.html	补齐正文，繁转简并统一译名
14_2_Chronicles.txt	20	https://www.ccreadbible.org/chinesebible/sigao/2_Chronicles_bible_Ch_20_.html	补齐正文，繁转简并统一译名
14_2_Chronicles.txt	21	https://www.ccreadbible.org/chinesebible/sigao/2_Chronicles_bible_Ch_21_.html	补齐正文，繁转简并统一译名
14_2_Chronicles.txt	22	https://www.ccreadbible.org/chinesebible/sigao/2_Chronicles_bible_Ch_22_.html	补齐正文，繁转简并统一译名
14_2_Chronicles.txt	23	https://www.ccreadbible.org/chinesebible/sigao/2_Chronicles_bible_Ch_23_.html	补齐正文，繁转简并统一译名
14_2_Chronicles.txt	24	https://www.ccreadbible.org/chinesebible/sigao/2_Chronicles_bible_Ch_24_.html	补齐正文，繁转简并统一译名
14_2_Chronicles.txt	25	https://www.ccreadbible.org/chinesebible/sigao/2_Chronicles_bible_Ch_25_.html	补齐正文，繁转简并统一译名
14_2_Chronicles.txt	26	https://www.ccreadbible.org/chinesebible/sigao/2_Chronicles_bible_Ch_26_.html	补齐正文，繁转简并统一译名
14_2_Chronicles.txt	27	https://www.ccreadbible.org/chinesebible/sigao/2_Chronicles_bible_Ch_27_.html	补齐正文，繁转简并统一译名
14_2_Chronicles.txt	28	https://www.ccreadbible.org/chinesebible/sigao/2_Chronicles_bible_Ch_28_.html	补齐正文，繁转简并统一译名
14_2_Chronicles.txt	29	https://www.ccreadbible.org/chinesebible/sigao/2_Chronicles_bible_Ch_29_.html	补齐正文，繁转简并统一译名
14_2_Chronicles.txt	30	https://www.ccreadbible.org/chinesebible/sigao/2_Chronicles_bible_Ch_30_.html	补齐正文，繁转简并统一译名
14_2_Chronicles.txt	31	https://www.ccreadbible.org/chinesebible/sigao/2_Chronicles_bible_Ch_31_.html	补齐正文，繁转简并统一译名
14_2_Chronicles.txt	32	https://www.ccreadbible.org/chinesebible/sigao/2_Chronicles_bible_Ch_32_.html	补齐正文，繁转简并统一译名
14_2_Chronicles.txt	33	https://www.ccreadbible.org/chinesebible/sigao/2_Chronicles_bible_Ch_33_.html	补齐正文，繁转简并统一译名
14_2_Chronicles.txt	34	https://www.ccreadbible.org/chinesebible/sigao/2_Chronicles_bible_Ch_34_.html	补齐正文，繁转简并统一译名
14_2_Chronicles.txt	35	https://www.ccreadbible.org/chinesebible/sigao/2_Chronicles_bible_Ch_35_.html	补齐正文，繁转简并统一译名
14_2_Chronicles.txt	36	https://www.ccreadbible.org/chinesebible/sigao/2_Chronicles_bible_Ch_36_.html	补齐正文，繁转简并统一译名
15_Ezra.txt	1	https://www.ccreadbible.org/chinesebible/sigao/Ezra_bible_Ch_1_.html	补齐正文，繁转简并统一译名
15_Ezra.txt	2	https://www.ccreadbible.org/chinesebible/sigao/Ezra_bible_Ch_2_.html	补齐正文，繁转简并统一译名
15_Ezra.txt	3	https://www.ccreadbible.org/chinesebible/sigao/Ezra_bible_Ch_3_.html	补齐正文，繁转简并统一译名
15_Ezra.txt	4	https://www.ccreadbible.org/chinesebible/sigao/Ezra_bible_Ch_4_.html	补齐正文，繁转简并统一译名
15_Ezra.txt	5	https://www.ccreadbible.org/chinesebible/sigao/Ezra_bible_Ch_5_.html	补齐正文，繁转简并统一译名
15_Ezra.txt	6	https://www.ccreadbible.org/chinesebible/sigao/Ezra_bible_Ch_6_.html	补齐正文，繁转简并统一译名
15_Ezra.txt	7	https://www.ccreadbible.org/chinesebible/sigao/Ezra_bible_Ch_7_.html	补齐正文，繁转简并统一译名
15_Ezra.txt	8	https://www.ccreadbible.org/chinesebible/sigao/Ezra_bible_Ch_8_.html	补齐正文，繁转简并统一译名
15_Ezra.txt	9	https://www.ccreadbible.org/chinesebible/sigao/Ezra_bible_Ch_9_.html	补齐正文，繁转简并统一译名
15_Ezra.txt	10	https://www.ccreadbible.org/chinesebible/sigao/Ezra_bible_Ch_10_.html	补齐正文，繁转简并统一译名
16_Nehemiah.txt	1	https://www.ccreadbible.org/chinesebible/sigao/Nehemiah_bible_Ch_1_.html	补齐正文，繁转简并统一译名
16_Nehemiah.txt	2	https://www.ccreadbible.org/chinesebible/sigao/Nehemiah_bible_Ch_2_.html	补齐正文，繁转简并统一译名
16_Nehemiah.txt	3	https://www.ccreadbible.org/chinesebible/sigao/Nehemiah_bible_Ch_3_.html	补齐正文，繁转简并统一译名
16_Nehemiah.txt	4	https://www.ccreadbible.org/chinesebible/sigao/Nehemiah_bible_Ch_4_.html	补齐正文，繁转简并统一译名
16_Nehemiah.txt	5	https://www.ccreadbible.org/chinesebible/sigao/Nehemiah_bible_Ch_5_.html	补齐正文，繁转简并统一译名
16_Nehemiah.txt	6	https://www.ccreadbible.org/chinesebible/sigao/Nehemiah_bible_Ch_6_.html	补齐正文，繁转简并统一译名
16_Nehemiah.txt	7	https://www.ccreadbible.org/chinesebible/sigao/Nehemiah_bible_Ch_7_.html	补齐正文，繁转简并统一译名
16_Nehemiah.txt	8	https://www.ccreadbible.org/chinesebible/sigao/Nehemiah_bible_Ch_8_.html	补齐正文，繁转简并统一译名
16_Nehemiah.txt	9	https://www.ccreadbible.org/chinesebible/sigao/Nehemiah_bible_Ch_9_.html	补齐正文，繁转简并统一译名
16_Nehemiah.txt	10	https://www.ccreadbible.org/chinesebible/sigao/Nehemiah_bible_Ch_10_.html	补齐正文，繁转简并统一译名
16_Nehemiah.txt	11	https://www.ccreadbible.org/chinesebible/sigao/Nehemiah_bible_Ch_11_.html	补齐正文，繁转简并统一译名
16_Nehemiah.txt	12	https://www.ccreadbible.org/chinesebible/sigao/Nehemiah_bible_Ch_12_.html	补齐正文，繁转简并统一译名
16_Nehemiah.txt	13	https://www.ccreadbible.org/chinesebible/sigao/Nehemiah_bible_Ch_13_.html	补齐正文，繁转简并统一译名
17_Tobit.txt	1	https://www.ccreadbible.org/chinesebible/sigao/Tobit_bible_Ch_1_.html	补齐正文，繁转简并统一译名
17_Tobit.txt	2	https://www.ccreadbible.org/chinesebible/sigao/Tobit_bible_Ch_2_.html	补齐正文，繁转简并统一译名
17_Tobit.txt	3	https://www.ccreadbible.org/chinesebible/sigao/Tobit_bible_Ch_3_.html	补齐正文，繁转简并统一译名
17_Tobit.txt	4	https://www.ccreadbible.org/chinesebible/sigao/Tobit_bible_Ch_4_.html	补齐正文，繁转简并统一译名
17_Tobit.txt	5	https://www.ccreadbible.org/chinesebible/sigao/Tobit_bible_Ch_5_.html	补齐正文，繁转简并统一译名
17_Tobit.txt	6	https://www.ccreadbible.org/chinesebible/sigao/Tobit_bible_Ch_6_.html	补齐正文，繁转简并统一译名
17_Tobit.txt	7	https://www.ccreadbible.org/chinesebible/sigao/Tobit_bible_Ch_7_.html	补齐正文，繁转简并统一译名
17_Tobit.txt	8	https://www.ccreadbible.org/chinesebible/sigao/Tobit_bible_Ch_8_.html	补齐正文，繁转简并统一译名
17_Tobit.txt	9	https://www.ccreadbible.org/chinesebible/sigao/Tobit_bible_Ch_9_.html	补齐正文，繁转简并统一译名
17_Tobit.txt	10	https://www.ccreadbible.org/chinesebible/sigao/Tobit_bible_Ch_10_.html	补齐正文，繁转简并统一译名
17_Tobit.txt	11	https://www.ccreadbible.org/chinesebible/sigao/Tobit_bible_Ch_11_.html	补齐正文，繁转简并统一译名
17_Tobit.txt	12	https://www.ccreadbible.org/chinesebible/sigao/Tobit_bible_Ch_12_.html	补齐正文，繁转简并统一译名
17_Tobit.txt	13	https://www.ccreadbible.org/chinesebible/sigao/Tobit_bible_Ch_13_.html	补齐正文，繁转简并统一译名
17_Tobit.txt	14	https://www.ccreadbible.org/chinesebible/sigao/Tobit_bible_Ch_14_.html	补齐正文，繁转简并统一译名
18_Judith.txt	1	https://www.ccreadbible.org/chinesebible/sigao/Judith_bible_Ch_1_.html	补齐正文，繁转简并统一译名
18_Judith.txt	2	https://www.ccreadbible.org/chinesebible/sigao/Judith_bible_Ch_2_.html	补齐正文，繁转简并统一译名
18_Judith.txt	3	https://www.ccreadbible.org/chinesebible/sigao/Judith_bible_Ch_3_.html	补齐正文，繁转简并统一译名
18_Judith.txt	4	https://www.ccreadbible.org/chinesebible/sigao/Judith_bible_Ch_4_.html	补齐正文，繁转简并统一译名
18_Judith.txt	5	https://www.ccreadbible.org/chinesebible/sigao/Judith_bible_Ch_5_.html	补齐正文，繁转简并统一译名
18_Judith.txt	6	https://www.ccreadbible.org/chinesebible/sigao/Judith_bible_Ch_6_.html	补齐正文，繁转简并统一译名
18_Judith.txt	7	https://www.ccreadbible.org/chinesebible/sigao/Judith_bible_Ch_7_.html	补齐正文，繁转简并统一译名
18_Judith.txt	8	https://www.ccreadbible.org/chinesebible/sigao/Judith_bible_Ch_8_.html	补齐正文，繁转简并统一译名
18_Judith.txt	9	https://www.ccreadbible.org/chinesebible/sigao/Judith_bible_Ch_9_.html	补齐正文，繁转简并统一译名
18_Judith.txt	10	https://www.ccreadbible.org/chinesebible/sigao/Judith_bible_Ch_10_.html	补齐正文，繁转简并统一译名
18_Judith.txt	11	https://www.ccreadbible.org/chinesebible/sigao/Judith_bible_Ch_11_.html	补齐正文，繁转简并统一译名
18_Judith.txt	12	https://www.ccreadbible.org/chinesebible/sigao/Judith_bible_Ch_12_.html	补齐正文，繁转简并统一译名
18_Judith.txt	13	https://www.ccreadbible.org/chinesebible/sigao/Judith_bible_Ch_13_.html	补齐正文，繁转简并统一译名
18_Judith.txt	14	https://www.ccreadbible.org/chinesebible/sigao/Judith_bible_Ch_14_.html	补齐正文，繁转简并统一译名
18_Judith.txt	15	https://www.ccreadbible.org/chinesebible/sigao/Judith_bible_Ch_15_.html	补齐正文，繁转简并统一译名
18_Judith.txt	16	https://www.ccreadbible.org/chinesebible/sigao/Judith_bible_Ch_16_.html	补齐正文，繁转简并统一译名
19_Esther.txt	1	https://www.ccreadbible.org/chinesebible/sigao/Esther_bible_Ch_1_.html	补齐正文，繁转简并统一译名
19_Esther.txt	2	https://www.ccreadbible.org/chinesebible/sigao/Esther_bible_Ch_2_.html	补齐正文，繁转简并统一译名
19_Esther.txt	3	https://www.ccreadbible.org/chinesebible/sigao/Esther_bible_Ch_3_.html	补齐正文，繁转简并统一译名
19_Esther.txt	4	https://www.ccreadbible.org/chinesebible/sigao/Esther_bible_Ch_4_.html	补齐正文，繁转简并统一译名
19_Esther.txt	5	https://www.ccreadbible.org/chinesebible/sigao/Esther_bible_Ch_5_.html	补齐正文，繁转简并统一译名
19_Esther.txt	补录丁	https://www.wanyouzhenyuan.cn/index.php?m=bible&version=sigao&template=19&chapter=8	补入 CCRead 缺少的 11 节
19_Esther.txt	6	https://www.ccreadbible.org/chinesebible/sigao/Esther_bible_Ch_6_.html	补齐正文，繁转简并统一译名
19_Esther.txt	7	https://www.ccreadbible.org/chinesebible/sigao/Esther_bible_Ch_7_.html	补齐正文，繁转简并统一译名
19_Esther.txt	8	https://www.ccreadbible.org/chinesebible/sigao/Esther_bible_Ch_8_.html	补齐正文，繁转简并统一译名
19_Esther.txt	9	https://www.ccreadbible.org/chinesebible/sigao/Esther_bible_Ch_9_.html	补齐正文，繁转简并统一译名
19_Esther.txt	10	https://www.ccreadbible.org/chinesebible/sigao/Esther_bible_Ch_10_.html	补齐正文，繁转简并统一译名
20_1_Maccabees.txt	1	https://www.ccreadbible.org/chinesebible/sigao/1_Maccabees_bible_Ch_1_.html	补齐正文，繁转简并统一译名
20_1_Maccabees.txt	2	https://www.ccreadbible.org/chinesebible/sigao/1_Maccabees_bible_Ch_2_.html	补齐正文，繁转简并统一译名
20_1_Maccabees.txt	3	https://www.ccreadbible.org/chinesebible/sigao/1_Maccabees_bible_Ch_3_.html	补齐正文，繁转简并统一译名
20_1_Maccabees.txt	4	https://www.ccreadbible.org/chinesebible/sigao/1_Maccabees_bible_Ch_4_.html	补齐正文，繁转简并统一译名
20_1_Maccabees.txt	5	https://www.ccreadbible.org/chinesebible/sigao/1_Maccabees_bible_Ch_5_.html	补齐正文，繁转简并统一译名
20_1_Maccabees.txt	6	https://www.ccreadbible.org/chinesebible/sigao/1_Maccabees_bible_Ch_6_.html	补齐正文，繁转简并统一译名
20_1_Maccabees.txt	7	https://www.ccreadbible.org/chinesebible/sigao/1_Maccabees_bible_Ch_7_.html	补齐正文，繁转简并统一译名
20_1_Maccabees.txt	8	https://www.ccreadbible.org/chinesebible/sigao/1_Maccabees_bible_Ch_8_.html	补齐正文，繁转简并统一译名
20_1_Maccabees.txt	9	https://www.ccreadbible.org/chinesebible/sigao/1_Maccabees_bible_Ch_9_.html	补齐正文，繁转简并统一译名
20_1_Maccabees.txt	10	https://www.ccreadbible.org/chinesebible/sigao/1_Maccabees_bible_Ch_10_.html	补齐正文，繁转简并统一译名
20_1_Maccabees.txt	11	https://www.ccreadbible.org/chinesebible/sigao/1_Maccabees_bible_Ch_11_.html	补齐正文，繁转简并统一译名
20_1_Maccabees.txt	12	https://www.ccreadbible.org/chinesebible/sigao/1_Maccabees_bible_Ch_12_.html	补齐正文，繁转简并统一译名
20_1_Maccabees.txt	13	https://www.ccreadbible.org/chinesebible/sigao/1_Maccabees_bible_Ch_13_.html	补齐正文，繁转简并统一译名
20_1_Maccabees.txt	14	https://www.ccreadbible.org/chinesebible/sigao/1_Maccabees_bible_Ch_14_.html	补齐正文，繁转简并统一译名
20_1_Maccabees.txt	15	https://www.ccreadbible.org/chinesebible/sigao/1_Maccabees_bible_Ch_15_.html	补齐正文，繁转简并统一译名
20_1_Maccabees.txt	16	https://www.ccreadbible.org/chinesebible/sigao/1_Maccabees_bible_Ch_16_.html	补齐正文，繁转简并统一译名
21_2_Maccabees.txt	1	https://www.ccreadbible.org/chinesebible/sigao/2_Maccabees_bible_Ch_1_.html	补齐正文，繁转简并统一译名
21_2_Maccabees.txt	2	https://www.ccreadbible.org/chinesebible/sigao/2_Maccabees_bible_Ch_2_.html	补齐正文，繁转简并统一译名
21_2_Maccabees.txt	3	https://www.ccreadbible.org/chinesebible/sigao/2_Maccabees_bible_Ch_3_.html	补齐正文，繁转简并统一译名
21_2_Maccabees.txt	4	https://www.ccreadbible.org/chinesebible/sigao/2_Maccabees_bible_Ch_4_.html	补齐正文，繁转简并统一译名
21_2_Maccabees.txt	5	https://www.ccreadbible.org/chinesebible/sigao/2_Maccabees_bible_Ch_5_.html	补齐正文，繁转简并统一译名
21_2_Maccabees.txt	6	https://www.ccreadbible.org/chinesebible/sigao/2_Maccabees_bible_Ch_6_.html	补齐正文，繁转简并统一译名
21_2_Maccabees.txt	7	https://www.ccreadbible.org/chinesebible/sigao/2_Maccabees_bible_Ch_7_.html	补齐正文，繁转简并统一译名
21_2_Maccabees.txt	8	https://www.ccreadbible.org/chinesebible/sigao/2_Maccabees_bible_Ch_8_.html	补齐正文，繁转简并统一译名
21_2_Maccabees.txt	9	https://www.ccreadbible.org/chinesebible/sigao/2_Maccabees_bible_Ch_9_.html	补齐正文，繁转简并统一译名
21_2_Maccabees.txt	10	https://www.ccreadbible.org/chinesebible/sigao/2_Maccabees_bible_Ch_10_.html	补齐正文，繁转简并统一译名
21_2_Maccabees.txt	11	https://www.ccreadbible.org/chinesebible/sigao/2_Maccabees_bible_Ch_11_.html	补齐正文，繁转简并统一译名
21_2_Maccabees.txt	12	https://www.ccreadbible.org/chinesebible/sigao/2_Maccabees_bible_Ch_12_.html	补齐正文，繁转简并统一译名
21_2_Maccabees.txt	13	https://www.ccreadbible.org/chinesebible/sigao/2_Maccabees_bible_Ch_13_.html	补齐正文，繁转简并统一译名
21_2_Maccabees.txt	14	https://www.ccreadbible.org/chinesebible/sigao/2_Maccabees_bible_Ch_14_.html	补齐正文，繁转简并统一译名
21_2_Maccabees.txt	15	https://www.ccreadbible.org/chinesebible/sigao/2_Maccabees_bible_Ch_15_.html	补齐正文，繁转简并统一译名
22_Job.txt	1	https://www.ccreadbible.org/chinesebible/sigao/Job_bible_Ch_1_.html	补齐正文，繁转简并统一译名
22_Job.txt	2	https://www.ccreadbible.org/chinesebible/sigao/Job_bible_Ch_2_.html	补齐正文，繁转简并统一译名
22_Job.txt	3	https://www.ccreadbible.org/chinesebible/sigao/Job_bible_Ch_3_.html	补齐正文，繁转简并统一译名
22_Job.txt	4	https://www.ccreadbible.org/chinesebible/sigao/Job_bible_Ch_4_.html	补齐正文，繁转简并统一译名
22_Job.txt	5	https://www.ccreadbible.org/chinesebible/sigao/Job_bible_Ch_5_.html	补齐正文，繁转简并统一译名
22_Job.txt	6	https://www.ccreadbible.org/chinesebible/sigao/Job_bible_Ch_6_.html	补齐正文，繁转简并统一译名
22_Job.txt	7	https://www.ccreadbible.org/chinesebible/sigao/Job_bible_Ch_7_.html	补齐正文，繁转简并统一译名
22_Job.txt	8	https://www.ccreadbible.org/chinesebible/sigao/Job_bible_Ch_8_.html	补齐正文，繁转简并统一译名
22_Job.txt	9	https://www.ccreadbible.org/chinesebible/sigao/Job_bible_Ch_9_.html	补齐正文，繁转简并统一译名
22_Job.txt	10	https://www.ccreadbible.org/chinesebible/sigao/Job_bible_Ch_10_.html	补齐正文，繁转简并统一译名
22_Job.txt	11	https://www.ccreadbible.org/chinesebible/sigao/Job_bible_Ch_11_.html	补齐正文，繁转简并统一译名
22_Job.txt	12	https://www.ccreadbible.org/chinesebible/sigao/Job_bible_Ch_12_.html	补齐正文，繁转简并统一译名
22_Job.txt	13	https://www.ccreadbible.org/chinesebible/sigao/Job_bible_Ch_13_.html	补齐正文，繁转简并统一译名
22_Job.txt	14	https://www.ccreadbible.org/chinesebible/sigao/Job_bible_Ch_14_.html	补齐正文，繁转简并统一译名
22_Job.txt	15	https://www.ccreadbible.org/chinesebible/sigao/Job_bible_Ch_15_.html	补齐正文，繁转简并统一译名
22_Job.txt	16	https://www.ccreadbible.org/chinesebible/sigao/Job_bible_Ch_16_.html	补齐正文，繁转简并统一译名
22_Job.txt	17	https://www.ccreadbible.org/chinesebible/sigao/Job_bible_Ch_17_.html	补齐正文，繁转简并统一译名
22_Job.txt	18	https://www.ccreadbible.org/chinesebible/sigao/Job_bible_Ch_18_.html	补齐正文，繁转简并统一译名
22_Job.txt	19	https://www.ccreadbible.org/chinesebible/sigao/Job_bible_Ch_19_.html	补齐正文，繁转简并统一译名
22_Job.txt	20	https://www.ccreadbible.org/chinesebible/sigao/Job_bible_Ch_20_.html	补齐正文，繁转简并统一译名
22_Job.txt	21	https://www.ccreadbible.org/chinesebible/sigao/Job_bible_Ch_21_.html	补齐正文，繁转简并统一译名
22_Job.txt	22	https://www.ccreadbible.org/chinesebible/sigao/Job_bible_Ch_22_.html	补齐正文，繁转简并统一译名
22_Job.txt	23	https://www.ccreadbible.org/chinesebible/sigao/Job_bible_Ch_23_.html	补齐正文，繁转简并统一译名
22_Job.txt	24	https://www.ccreadbible.org/chinesebible/sigao/Job_bible_Ch_24_.html	补齐正文，繁转简并统一译名
22_Job.txt	25	https://www.ccreadbible.org/chinesebible/sigao/Job_bible_Ch_25_.html	补齐正文，繁转简并统一译名
22_Job.txt	26	https://www.ccreadbible.org/chinesebible/sigao/Job_bible_Ch_26_.html	补齐正文，繁转简并统一译名
22_Job.txt	27	https://www.ccreadbible.org/chinesebible/sigao/Job_bible_Ch_27_.html	补齐正文，繁转简并统一译名
22_Job.txt	28	https://www.ccreadbible.org/chinesebible/sigao/Job_bible_Ch_28_.html	补齐正文，繁转简并统一译名
22_Job.txt	29	https://www.ccreadbible.org/chinesebible/sigao/Job_bible_Ch_29_.html	补齐正文，繁转简并统一译名
22_Job.txt	30	https://www.ccreadbible.org/chinesebible/sigao/Job_bible_Ch_30_.html	补齐正文，繁转简并统一译名
22_Job.txt	31	https://www.ccreadbible.org/chinesebible/sigao/Job_bible_Ch_31_.html	补齐正文，繁转简并统一译名
22_Job.txt	32	https://www.ccreadbible.org/chinesebible/sigao/Job_bible_Ch_32_.html	补齐正文，繁转简并统一译名
22_Job.txt	33	https://www.ccreadbible.org/chinesebible/sigao/Job_bible_Ch_33_.html	补齐正文，繁转简并统一译名
22_Job.txt	34	https://www.ccreadbible.org/chinesebible/sigao/Job_bible_Ch_34_.html	补齐正文，繁转简并统一译名
22_Job.txt	35	https://www.ccreadbible.org/chinesebible/sigao/Job_bible_Ch_35_.html	补齐正文，繁转简并统一译名
22_Job.txt	36	https://www.ccreadbible.org/chinesebible/sigao/Job_bible_Ch_36_.html	补齐正文，繁转简并统一译名
22_Job.txt	37	https://www.ccreadbible.org/chinesebible/sigao/Job_bible_Ch_37_.html	补齐正文，繁转简并统一译名
22_Job.txt	38	https://www.ccreadbible.org/chinesebible/sigao/Job_bible_Ch_38_.html	补齐正文，繁转简并统一译名
22_Job.txt	39	https://www.ccreadbible.org/chinesebible/sigao/Job_bible_Ch_39_.html	补齐正文，繁转简并统一译名
22_Job.txt	40	https://www.ccreadbible.org/chinesebible/sigao/Job_bible_Ch_40_.html	补齐正文，繁转简并统一译名
22_Job.txt	41	https://www.ccreadbible.org/chinesebible/sigao/Job_bible_Ch_41_.html	补齐正文，繁转简并统一译名
22_Job.txt	42	https://www.ccreadbible.org/chinesebible/sigao/Job_bible_Ch_42_.html	补齐正文，繁转简并统一译名
23_Psalms.txt	1	https://www.ccreadbible.org/chinesebible/sigao/Psalms_bible_Ch_1_.html	补齐正文，繁转简并统一译名
23_Psalms.txt	2	https://www.ccreadbible.org/chinesebible/sigao/Psalms_bible_Ch_2_.html	补齐正文，繁转简并统一译名
23_Psalms.txt	3	https://www.ccreadbible.org/chinesebible/sigao/Psalms_bible_Ch_3_.html	补齐正文，繁转简并统一译名
23_Psalms.txt	4	https://www.ccreadbible.org/chinesebible/sigao/Psalms_bible_Ch_4_.html	补齐正文，繁转简并统一译名
23_Psalms.txt	5	https://www.ccreadbible.org/chinesebible/sigao/Psalms_bible_Ch_5_.html	补齐正文，繁转简并统一译名
23_Psalms.txt	6	https://www.ccreadbible.org/chinesebible/sigao/Psalms_bible_Ch_6_.html	补齐正文，繁转简并统一译名
23_Psalms.txt	7	https://www.ccreadbible.org/chinesebible/sigao/Psalms_bible_Ch_7_.html	补齐正文，繁转简并统一译名
23_Psalms.txt	8	https://www.ccreadbible.org/chinesebible/sigao/Psalms_bible_Ch_8_.html	补齐正文，繁转简并统一译名
23_Psalms.txt	9	https://www.ccreadbible.org/chinesebible/sigao/Psalms_bible_Ch_9_.html	补齐正文，繁转简并统一译名
23_Psalms.txt	10	https://www.ccreadbible.org/chinesebible/sigao/Psalms_bible_Ch_10_.html	补齐正文，繁转简并统一译名
23_Psalms.txt	11	https://www.ccreadbible.org/chinesebible/sigao/Psalms_bible_Ch_11_.html	补齐正文，繁转简并统一译名
23_Psalms.txt	12	https://www.ccreadbible.org/chinesebible/sigao/Psalms_bible_Ch_12_.html	补齐正文，繁转简并统一译名
23_Psalms.txt	13	https://www.ccreadbible.org/chinesebible/sigao/Psalms_bible_Ch_13_.html	补齐正文，繁转简并统一译名
23_Psalms.txt	14	https://www.ccreadbible.org/chinesebible/sigao/Psalms_bible_Ch_14_.html	补齐正文，繁转简并统一译名
23_Psalms.txt	15	https://www.ccreadbible.org/chinesebible/sigao/Psalms_bible_Ch_15_.html	补齐正文，繁转简并统一译名
23_Psalms.txt	16	https://www.ccreadbible.org/chinesebible/sigao/Psalms_bible_Ch_16_.html	补齐正文，繁转简并统一译名
23_Psalms.txt	17	https://www.ccreadbible.org/chinesebible/sigao/Psalms_bible_Ch_17_.html	补齐正文，繁转简并统一译名
23_Psalms.txt	18	https://www.ccreadbible.org/chinesebible/sigao/Psalms_bible_Ch_18_.html	补齐正文，繁转简并统一译名
23_Psalms.txt	19	https://www.ccreadbible.org/chinesebible/sigao/Psalms_bible_Ch_19_.html	补齐正文，繁转简并统一译名
23_Psalms.txt	20	https://www.ccreadbible.org/chinesebible/sigao/Psalms_bible_Ch_20_.html	补齐正文，繁转简并统一译名
23_Psalms.txt	21	https://www.ccreadbible.org/chinesebible/sigao/Psalms_bible_Ch_21_.html	补齐正文，繁转简并统一译名
23_Psalms.txt	22	https://www.ccreadbible.org/chinesebible/sigao/Psalms_bible_Ch_22_.html	补齐正文，繁转简并统一译名
23_Psalms.txt	23	https://www.ccreadbible.org/chinesebible/sigao/Psalms_bible_Ch_23_.html	补齐正文，繁转简并统一译名
23_Psalms.txt	24	https://www.ccreadbible.org/chinesebible/sigao/Psalms_bible_Ch_24_.html	补齐正文，繁转简并统一译名
23_Psalms.txt	25	https://www.ccreadbible.org/chinesebible/sigao/Psalms_bible_Ch_25_.html	补齐正文，繁转简并统一译名
23_Psalms.txt	26	https://www.ccreadbible.org/chinesebible/sigao/Psalms_bible_Ch_26_.html	补齐正文，繁转简并统一译名
23_Psalms.txt	27	https://www.ccreadbible.org/chinesebible/sigao/Psalms_bible_Ch_27_.html	补齐正文，繁转简并统一译名
23_Psalms.txt	28	https://www.ccreadbible.org/chinesebible/sigao/Psalms_bible_Ch_28_.html	补齐正文，繁转简并统一译名
23_Psalms.txt	29	https://www.ccreadbible.org/chinesebible/sigao/Psalms_bible_Ch_29_.html	补齐正文，繁转简并统一译名
23_Psalms.txt	30	https://www.ccreadbible.org/chinesebible/sigao/Psalms_bible_Ch_30_.html	补齐正文，繁转简并统一译名
23_Psalms.txt	31	https://www.ccreadbible.org/chinesebible/sigao/Psalms_bible_Ch_31_.html	补齐正文，繁转简并统一译名
23_Psalms.txt	32	https://www.ccreadbible.org/chinesebible/sigao/Psalms_bible_Ch_32_.html	补齐正文，繁转简并统一译名
23_Psalms.txt	33	https://www.ccreadbible.org/chinesebible/sigao/Psalms_bible_Ch_33_.html	补齐正文，繁转简并统一译名
23_Psalms.txt	34	https://www.ccreadbible.org/chinesebible/sigao/Psalms_bible_Ch_34_.html	补齐正文，繁转简并统一译名
23_Psalms.txt	35	https://www.ccreadbible.org/chinesebible/sigao/Psalms_bible_Ch_35_.html	补齐正文，繁转简并统一译名
23_Psalms.txt	36	https://www.ccreadbible.org/chinesebible/sigao/Psalms_bible_Ch_36_.html	补齐正文，繁转简并统一译名
23_Psalms.txt	37	https://www.ccreadbible.org/chinesebible/sigao/Psalms_bible_Ch_37_.html	补齐正文，繁转简并统一译名
23_Psalms.txt	38	https://www.ccreadbible.org/chinesebible/sigao/Psalms_bible_Ch_38_.html	补齐正文，繁转简并统一译名
23_Psalms.txt	39	https://www.ccreadbible.org/chinesebible/sigao/Psalms_bible_Ch_39_.html	补齐正文，繁转简并统一译名
23_Psalms.txt	40	https://www.ccreadbible.org/chinesebible/sigao/Psalms_bible_Ch_40_.html	补齐正文，繁转简并统一译名
23_Psalms.txt	41	https://www.ccreadbible.org/chinesebible/sigao/Psalms_bible_Ch_41_.html	补齐正文，繁转简并统一译名
23_Psalms.txt	42	https://www.ccreadbible.org/chinesebible/sigao/Psalms_bible_Ch_42_.html	补齐正文，繁转简并统一译名
23_Psalms.txt	43	https://www.ccreadbible.org/chinesebible/sigao/Psalms_bible_Ch_43_.html	补齐正文，繁转简并统一译名
23_Psalms.txt	44	https://www.ccreadbible.org/chinesebible/sigao/Psalms_bible_Ch_44_.html	补齐正文，繁转简并统一译名
23_Psalms.txt	45	https://www.ccreadbible.org/chinesebible/sigao/Psalms_bible_Ch_45_.html	补齐正文，繁转简并统一译名
23_Psalms.txt	46	https://www.ccreadbible.org/chinesebible/sigao/Psalms_bible_Ch_46_.html	补齐正文，繁转简并统一译名
23_Psalms.txt	47	https://www.ccreadbible.org/chinesebible/sigao/Psalms_bible_Ch_47_.html	补齐正文，繁转简并统一译名
23_Psalms.txt	48	https://www.ccreadbible.org/chinesebible/sigao/Psalms_bible_Ch_48_.html	补齐正文，繁转简并统一译名
23_Psalms.txt	49	https://www.ccreadbible.org/chinesebible/sigao/Psalms_bible_Ch_49_.html	补齐正文，繁转简并统一译名
23_Psalms.txt	50	https://www.ccreadbible.org/chinesebible/sigao/Psalms_bible_Ch_50_.html	补齐正文，繁转简并统一译名
23_Psalms.txt	51	https://www.ccreadbible.org/chinesebible/sigao/Psalms_bible_Ch_51_.html	补齐正文，繁转简并统一译名
23_Psalms.txt	52	https://www.ccreadbible.org/chinesebible/sigao/Psalms_bible_Ch_52_.html	补齐正文，繁转简并统一译名
23_Psalms.txt	53	https://www.ccreadbible.org/chinesebible/sigao/Psalms_bible_Ch_53_.html	补齐正文，繁转简并统一译名
23_Psalms.txt	54	https://www.ccreadbible.org/chinesebible/sigao/Psalms_bible_Ch_54_.html	补齐正文，繁转简并统一译名
23_Psalms.txt	55	https://www.ccreadbible.org/chinesebible/sigao/Psalms_bible_Ch_55_.html	补齐正文，繁转简并统一译名
23_Psalms.txt	56	https://www.ccreadbible.org/chinesebible/sigao/Psalms_bible_Ch_56_.html	补齐正文，繁转简并统一译名
23_Psalms.txt	57	https://www.ccreadbible.org/chinesebible/sigao/Psalms_bible_Ch_57_.html	补齐正文，繁转简并统一译名
23_Psalms.txt	58	https://www.ccreadbible.org/chinesebible/sigao/Psalms_bible_Ch_58_.html	补齐正文，繁转简并统一译名
23_Psalms.txt	59	https://www.ccreadbible.org/chinesebible/sigao/Psalms_bible_Ch_59_.html	补齐正文，繁转简并统一译名
23_Psalms.txt	60	https://www.ccreadbible.org/chinesebible/sigao/Psalms_bible_Ch_60_.html	补齐正文，繁转简并统一译名
23_Psalms.txt	61	https://www.ccreadbible.org/chinesebible/sigao/Psalms_bible_Ch_61_.html	补齐正文，繁转简并统一译名
23_Psalms.txt	62	https://www.ccreadbible.org/chinesebible/sigao/Psalms_bible_Ch_62_.html	补齐正文，繁转简并统一译名
23_Psalms.txt	63	https://www.ccreadbible.org/chinesebible/sigao/Psalms_bible_Ch_63_.html	补齐正文，繁转简并统一译名
23_Psalms.txt	64	https://www.ccreadbible.org/chinesebible/sigao/Psalms_bible_Ch_64_.html	补齐正文，繁转简并统一译名
23_Psalms.txt	65	https://www.ccreadbible.org/chinesebible/sigao/Psalms_bible_Ch_65_.html	补齐正文，繁转简并统一译名
23_Psalms.txt	66	https://www.ccreadbible.org/chinesebible/sigao/Psalms_bible_Ch_66_.html	补齐正文，繁转简并统一译名
23_Psalms.txt	67	https://www.ccreadbible.org/chinesebible/sigao/Psalms_bible_Ch_67_.html	补齐正文，繁转简并统一译名
23_Psalms.txt	68	https://www.ccreadbible.org/chinesebible/sigao/Psalms_bible_Ch_68_.html	补齐正文，繁转简并统一译名
23_Psalms.txt	69	https://www.ccreadbible.org/chinesebible/sigao/Psalms_bible_Ch_69_.html	补齐正文，繁转简并统一译名
23_Psalms.txt	70	https://www.ccreadbible.org/chinesebible/sigao/Psalms_bible_Ch_70_.html	补齐正文，繁转简并统一译名
23_Psalms.txt	71	https://www.ccreadbible.org/chinesebible/sigao/Psalms_bible_Ch_71_.html	补齐正文，繁转简并统一译名
23_Psalms.txt	72	https://www.ccreadbible.org/chinesebible/sigao/Psalms_bible_Ch_72_.html	补齐正文，繁转简并统一译名
23_Psalms.txt	73	https://www.ccreadbible.org/chinesebible/sigao/Psalms_bible_Ch_73_.html	补齐正文，繁转简并统一译名
23_Psalms.txt	74	https://www.ccreadbible.org/chinesebible/sigao/Psalms_bible_Ch_74_.html	补齐正文，繁转简并统一译名
23_Psalms.txt	75	https://www.ccreadbible.org/chinesebible/sigao/Psalms_bible_Ch_75_.html	补齐正文，繁转简并统一译名
23_Psalms.txt	76	https://www.ccreadbible.org/chinesebible/sigao/Psalms_bible_Ch_76_.html	补齐正文，繁转简并统一译名
23_Psalms.txt	77	https://www.ccreadbible.org/chinesebible/sigao/Psalms_bible_Ch_77_.html	补齐正文，繁转简并统一译名
23_Psalms.txt	78	https://www.ccreadbible.org/chinesebible/sigao/Psalms_bible_Ch_78_.html	补齐正文，繁转简并统一译名
23_Psalms.txt	79	https://www.ccreadbible.org/chinesebible/sigao/Psalms_bible_Ch_79_.html	补齐正文，繁转简并统一译名
23_Psalms.txt	80	https://www.ccreadbible.org/chinesebible/sigao/Psalms_bible_Ch_80_.html	补齐正文，繁转简并统一译名
23_Psalms.txt	81	https://www.ccreadbible.org/chinesebible/sigao/Psalms_bible_Ch_81_.html	补齐正文，繁转简并统一译名
23_Psalms.txt	82	https://www.ccreadbible.org/chinesebible/sigao/Psalms_bible_Ch_82_.html	补齐正文，繁转简并统一译名
23_Psalms.txt	83	https://www.ccreadbible.org/chinesebible/sigao/Psalms_bible_Ch_83_.html	补齐正文，繁转简并统一译名
23_Psalms.txt	84	https://www.ccreadbible.org/chinesebible/sigao/Psalms_bible_Ch_84_.html	补齐正文，繁转简并统一译名
23_Psalms.txt	85	https://www.ccreadbible.org/chinesebible/sigao/Psalms_bible_Ch_85_.html	补齐正文，繁转简并统一译名
23_Psalms.txt	86	https://www.ccreadbible.org/chinesebible/sigao/Psalms_bible_Ch_86_.html	补齐正文，繁转简并统一译名
23_Psalms.txt	87	https://www.ccreadbible.org/chinesebible/sigao/Psalms_bible_Ch_87_.html	补齐正文，繁转简并统一译名
23_Psalms.txt	88	https://www.ccreadbible.org/chinesebible/sigao/Psalms_bible_Ch_88_.html	补齐正文，繁转简并统一译名
23_Psalms.txt	89	https://www.ccreadbible.org/chinesebible/sigao/Psalms_bible_Ch_89_.html	补齐正文，繁转简并统一译名
23_Psalms.txt	90	https://www.ccreadbible.org/chinesebible/sigao/Psalms_bible_Ch_90_.html	补齐正文，繁转简并统一译名
23_Psalms.txt	91	https://www.ccreadbible.org/chinesebible/sigao/Psalms_bible_Ch_91_.html	补齐正文，繁转简并统一译名
23_Psalms.txt	92	https://www.ccreadbible.org/chinesebible/sigao/Psalms_bible_Ch_92_.html	补齐正文，繁转简并统一译名
23_Psalms.txt	93	https://www.ccreadbible.org/chinesebible/sigao/Psalms_bible_Ch_93_.html	补齐正文，繁转简并统一译名
23_Psalms.txt	94	https://www.ccreadbible.org/chinesebible/sigao/Psalms_bible_Ch_94_.html	补齐正文，繁转简并统一译名
23_Psalms.txt	95	https://www.ccreadbible.org/chinesebible/sigao/Psalms_bible_Ch_95_.html	补齐正文，繁转简并统一译名
23_Psalms.txt	96	https://www.ccreadbible.org/chinesebible/sigao/Psalms_bible_Ch_96_.html	补齐正文，繁转简并统一译名
23_Psalms.txt	97	https://www.ccreadbible.org/chinesebible/sigao/Psalms_bible_Ch_97_.html	补齐正文，繁转简并统一译名
23_Psalms.txt	98	https://www.ccreadbible.org/chinesebible/sigao/Psalms_bible_Ch_98_.html	补齐正文，繁转简并统一译名
23_Psalms.txt	99	https://www.ccreadbible.org/chinesebible/sigao/Psalms_bible_Ch_99_.html	补齐正文，繁转简并统一译名
23_Psalms.txt	100	https://www.ccreadbible.org/chinesebible/sigao/Psalms_bible_Ch_100_.html	补齐正文，繁转简并统一译名
23_Psalms.txt	101	https://www.ccreadbible.org/chinesebible/sigao/Psalms_bible_Ch_101_.html	补齐正文，繁转简并统一译名
23_Psalms.txt	102	https://www.ccreadbible.org/chinesebible/sigao/Psalms_bible_Ch_102_.html	补齐正文，繁转简并统一译名
23_Psalms.txt	103	https://www.ccreadbible.org/chinesebible/sigao/Psalms_bible_Ch_103_.html	补齐正文，繁转简并统一译名
23_Psalms.txt	104	https://www.ccreadbible.org/chinesebible/sigao/Psalms_bible_Ch_104_.html	补齐正文，繁转简并统一译名
23_Psalms.txt	105	https://www.ccreadbible.org/chinesebible/sigao/Psalms_bible_Ch_105_.html	补齐正文，繁转简并统一译名
23_Psalms.txt	106	https://www.ccreadbible.org/chinesebible/sigao/Psalms_bible_Ch_106_.html	补齐正文，繁转简并统一译名
23_Psalms.txt	107	https://www.ccreadbible.org/chinesebible/sigao/Psalms_bible_Ch_107_.html	补齐正文，繁转简并统一译名
23_Psalms.txt	108	https://www.ccreadbible.org/chinesebible/sigao/Psalms_bible_Ch_108_.html	补齐正文，繁转简并统一译名
23_Psalms.txt	109	https://www.ccreadbible.org/chinesebible/sigao/Psalms_bible_Ch_109_.html	补齐正文，繁转简并统一译名
23_Psalms.txt	110	https://www.ccreadbible.org/chinesebible/sigao/Psalms_bible_Ch_110_.html	补齐正文，繁转简并统一译名
23_Psalms.txt	111	https://www.ccreadbible.org/chinesebible/sigao/Psalms_bible_Ch_111_.html	补齐正文，繁转简并统一译名
23_Psalms.txt	112	https://www.ccreadbible.org/chinesebible/sigao/Psalms_bible_Ch_112_.html	补齐正文，繁转简并统一译名
23_Psalms.txt	113	https://www.ccreadbible.org/chinesebible/sigao/Psalms_bible_Ch_113_.html	补齐正文，繁转简并统一译名
23_Psalms.txt	114	https://www.ccreadbible.org/chinesebible/sigao/Psalms_bible_Ch_114_.html	补齐正文，繁转简并统一译名
23_Psalms.txt	115	https://www.ccreadbible.org/chinesebible/sigao/Psalms_bible_Ch_115_.html	补齐正文，繁转简并统一译名
23_Psalms.txt	116	https://www.ccreadbible.org/chinesebible/sigao/Psalms_bible_Ch_116_.html	补齐正文，繁转简并统一译名
23_Psalms.txt	117	https://www.ccreadbible.org/chinesebible/sigao/Psalms_bible_Ch_117_.html	补齐正文，繁转简并统一译名
23_Psalms.txt	118	https://www.ccreadbible.org/chinesebible/sigao/Psalms_bible_Ch_118_.html	补齐正文，繁转简并统一译名
23_Psalms.txt	119	https://www.ccreadbible.org/chinesebible/sigao/Psalms_bible_Ch_119_.html	补齐正文，繁转简并统一译名
23_Psalms.txt	120	https://www.ccreadbible.org/chinesebible/sigao/Psalms_bible_Ch_120_.html	补齐正文，繁转简并统一译名
23_Psalms.txt	121	https://www.ccreadbible.org/chinesebible/sigao/Psalms_bible_Ch_121_.html	补齐正文，繁转简并统一译名
23_Psalms.txt	122	https://www.ccreadbible.org/chinesebible/sigao/Psalms_bible_Ch_122_.html	补齐正文，繁转简并统一译名
23_Psalms.txt	123	https://www.ccreadbible.org/chinesebible/sigao/Psalms_bible_Ch_123_.html	补齐正文，繁转简并统一译名
23_Psalms.txt	124	https://www.ccreadbible.org/chinesebible/sigao/Psalms_bible_Ch_124_.html	补齐正文，繁转简并统一译名
23_Psalms.txt	125	https://www.ccreadbible.org/chinesebible/sigao/Psalms_bible_Ch_125_.html	补齐正文，繁转简并统一译名
23_Psalms.txt	126	https://www.ccreadbible.org/chinesebible/sigao/Psalms_bible_Ch_126_.html	补齐正文，繁转简并统一译名
23_Psalms.txt	127	https://www.ccreadbible.org/chinesebible/sigao/Psalms_bible_Ch_127_.html	补齐正文，繁转简并统一译名
23_Psalms.txt	128	https://www.ccreadbible.org/chinesebible/sigao/Psalms_bible_Ch_128_.html	补齐正文，繁转简并统一译名
23_Psalms.txt	129	https://www.ccreadbible.org/chinesebible/sigao/Psalms_bible_Ch_129_.html	补齐正文，繁转简并统一译名
23_Psalms.txt	130	https://www.ccreadbible.org/chinesebible/sigao/Psalms_bible_Ch_130_.html	补齐正文，繁转简并统一译名
23_Psalms.txt	131	https://www.ccreadbible.org/chinesebible/sigao/Psalms_bible_Ch_131_.html	补齐正文，繁转简并统一译名
23_Psalms.txt	132	https://www.ccreadbible.org/chinesebible/sigao/Psalms_bible_Ch_132_.html	补齐正文，繁转简并统一译名
23_Psalms.txt	133	https://www.ccreadbible.org/chinesebible/sigao/Psalms_bible_Ch_133_.html	补齐正文，繁转简并统一译名
23_Psalms.txt	134	https://www.ccreadbible.org/chinesebible/sigao/Psalms_bible_Ch_134_.html	补齐正文，繁转简并统一译名
23_Psalms.txt	135	https://www.ccreadbible.org/chinesebible/sigao/Psalms_bible_Ch_135_.html	补齐正文，繁转简并统一译名
23_Psalms.txt	136	https://www.ccreadbible.org/chinesebible/sigao/Psalms_bible_Ch_136_.html	补齐正文，繁转简并统一译名
23_Psalms.txt	137	https://www.ccreadbible.org/chinesebible/sigao/Psalms_bible_Ch_137_.html	补齐正文，繁转简并统一译名
23_Psalms.txt	138	https://www.ccreadbible.org/chinesebible/sigao/Psalms_bible_Ch_138_.html	补齐正文，繁转简并统一译名
23_Psalms.txt	139	https://www.ccreadbible.org/chinesebible/sigao/Psalms_bible_Ch_139_.html	补齐正文，繁转简并统一译名
23_Psalms.txt	140	https://www.ccreadbible.org/chinesebible/sigao/Psalms_bible_Ch_140_.html	补齐正文，繁转简并统一译名
23_Psalms.txt	141	https://www.ccreadbible.org/chinesebible/sigao/Psalms_bible_Ch_141_.html	补齐正文，繁转简并统一译名
23_Psalms.txt	142	https://www.ccreadbible.org/chinesebible/sigao/Psalms_bible_Ch_142_.html	补齐正文，繁转简并统一译名
23_Psalms.txt	143	https://www.ccreadbible.org/chinesebible/sigao/Psalms_bible_Ch_143_.html	补齐正文，繁转简并统一译名
23_Psalms.txt	144	https://www.ccreadbible.org/chinesebible/sigao/Psalms_bible_Ch_144_.html	补齐正文，繁转简并统一译名
23_Psalms.txt	145	https://www.ccreadbible.org/chinesebible/sigao/Psalms_bible_Ch_145_.html	补齐正文，繁转简并统一译名
23_Psalms.txt	146	https://www.ccreadbible.org/chinesebible/sigao/Psalms_bible_Ch_146_.html	补齐正文，繁转简并统一译名
23_Psalms.txt	147	https://www.ccreadbible.org/chinesebible/sigao/Psalms_bible_Ch_147_.html	补齐正文，繁转简并统一译名
23_Psalms.txt	148	https://www.ccreadbible.org/chinesebible/sigao/Psalms_bible_Ch_148_.html	补齐正文，繁转简并统一译名
23_Psalms.txt	149	https://www.ccreadbible.org/chinesebible/sigao/Psalms_bible_Ch_149_.html	补齐正文，繁转简并统一译名
23_Psalms.txt	150	https://www.ccreadbible.org/chinesebible/sigao/Psalms_bible_Ch_150_.html	补齐正文，繁转简并统一译名
24_Proverbs.txt	1	https://www.ccreadbible.org/chinesebible/sigao/Proverbs_bible_Ch_1_.html	补齐正文，繁转简并统一译名
24_Proverbs.txt	2	https://www.ccreadbible.org/chinesebible/sigao/Proverbs_bible_Ch_2_.html	补齐正文，繁转简并统一译名
24_Proverbs.txt	3	https://www.ccreadbible.org/chinesebible/sigao/Proverbs_bible_Ch_3_.html	补齐正文，繁转简并统一译名
24_Proverbs.txt	4	https://www.ccreadbible.org/chinesebible/sigao/Proverbs_bible_Ch_4_.html	补齐正文，繁转简并统一译名
24_Proverbs.txt	5	https://www.ccreadbible.org/chinesebible/sigao/Proverbs_bible_Ch_5_.html	补齐正文，繁转简并统一译名
24_Proverbs.txt	6	https://www.ccreadbible.org/chinesebible/sigao/Proverbs_bible_Ch_6_.html	补齐正文，繁转简并统一译名
24_Proverbs.txt	7	https://www.ccreadbible.org/chinesebible/sigao/Proverbs_bible_Ch_7_.html	补齐正文，繁转简并统一译名
24_Proverbs.txt	8	https://www.ccreadbible.org/chinesebible/sigao/Proverbs_bible_Ch_8_.html	补齐正文，繁转简并统一译名
24_Proverbs.txt	9	https://www.ccreadbible.org/chinesebible/sigao/Proverbs_bible_Ch_9_.html	补齐正文，繁转简并统一译名
24_Proverbs.txt	10	https://www.ccreadbible.org/chinesebible/sigao/Proverbs_bible_Ch_10_.html	补齐正文，繁转简并统一译名
24_Proverbs.txt	11	https://www.ccreadbible.org/chinesebible/sigao/Proverbs_bible_Ch_11_.html	补齐正文，繁转简并统一译名
24_Proverbs.txt	12	https://www.ccreadbible.org/chinesebible/sigao/Proverbs_bible_Ch_12_.html	补齐正文，繁转简并统一译名
24_Proverbs.txt	13	https://www.ccreadbible.org/chinesebible/sigao/Proverbs_bible_Ch_13_.html	补齐正文，繁转简并统一译名
24_Proverbs.txt	14	https://www.ccreadbible.org/chinesebible/sigao/Proverbs_bible_Ch_14_.html	补齐正文，繁转简并统一译名
24_Proverbs.txt	15	https://www.ccreadbible.org/chinesebible/sigao/Proverbs_bible_Ch_15_.html	补齐正文，繁转简并统一译名
24_Proverbs.txt	16	https://www.ccreadbible.org/chinesebible/sigao/Proverbs_bible_Ch_16_.html	补齐正文，繁转简并统一译名
24_Proverbs.txt	17	https://www.ccreadbible.org/chinesebible/sigao/Proverbs_bible_Ch_17_.html	补齐正文，繁转简并统一译名
24_Proverbs.txt	18	https://www.ccreadbible.org/chinesebible/sigao/Proverbs_bible_Ch_18_.html	补齐正文，繁转简并统一译名
24_Proverbs.txt	19	https://www.ccreadbible.org/chinesebible/sigao/Proverbs_bible_Ch_19_.html	补齐正文，繁转简并统一译名
24_Proverbs.txt	20	https://www.ccreadbible.org/chinesebible/sigao/Proverbs_bible_Ch_20_.html	补齐正文，繁转简并统一译名
24_Proverbs.txt	21	https://www.ccreadbible.org/chinesebible/sigao/Proverbs_bible_Ch_21_.html	补齐正文，繁转简并统一译名
24_Proverbs.txt	22	https://www.ccreadbible.org/chinesebible/sigao/Proverbs_bible_Ch_22_.html	补齐正文，繁转简并统一译名
24_Proverbs.txt	23	https://www.ccreadbible.org/chinesebible/sigao/Proverbs_bible_Ch_23_.html	补齐正文，繁转简并统一译名
24_Proverbs.txt	24	https://www.ccreadbible.org/chinesebible/sigao/Proverbs_bible_Ch_24_.html	补齐正文，繁转简并统一译名
24_Proverbs.txt	25	https://www.ccreadbible.org/chinesebible/sigao/Proverbs_bible_Ch_25_.html	补齐正文，繁转简并统一译名
24_Proverbs.txt	26	https://www.ccreadbible.org/chinesebible/sigao/Proverbs_bible_Ch_26_.html	补齐正文，繁转简并统一译名
24_Proverbs.txt	27	https://www.ccreadbible.org/chinesebible/sigao/Proverbs_bible_Ch_27_.html	补齐正文，繁转简并统一译名
24_Proverbs.txt	28	https://www.ccreadbible.org/chinesebible/sigao/Proverbs_bible_Ch_28_.html	补齐正文，繁转简并统一译名
24_Proverbs.txt	29	https://www.ccreadbible.org/chinesebible/sigao/Proverbs_bible_Ch_29_.html	补齐正文，繁转简并统一译名
24_Proverbs.txt	30	https://www.ccreadbible.org/chinesebible/sigao/Proverbs_bible_Ch_30_.html	补齐正文，繁转简并统一译名
24_Proverbs.txt	31	https://www.ccreadbible.org/chinesebible/sigao/Proverbs_bible_Ch_31_.html	补齐正文，繁转简并统一译名
25_Ecclesiastes.txt	1	https://www.ccreadbible.org/chinesebible/sigao/Ecclesiastes_bible_Ch_1_.html	补齐正文，繁转简并统一译名
25_Ecclesiastes.txt	2	https://www.ccreadbible.org/chinesebible/sigao/Ecclesiastes_bible_Ch_2_.html	补齐正文，繁转简并统一译名
25_Ecclesiastes.txt	3	https://www.ccreadbible.org/chinesebible/sigao/Ecclesiastes_bible_Ch_3_.html	补齐正文，繁转简并统一译名
25_Ecclesiastes.txt	4	https://www.ccreadbible.org/chinesebible/sigao/Ecclesiastes_bible_Ch_4_.html	补齐正文，繁转简并统一译名
25_Ecclesiastes.txt	5	https://www.ccreadbible.org/chinesebible/sigao/Ecclesiastes_bible_Ch_5_.html	补齐正文，繁转简并统一译名
25_Ecclesiastes.txt	6	https://www.ccreadbible.org/chinesebible/sigao/Ecclesiastes_bible_Ch_6_.html	补齐正文，繁转简并统一译名
25_Ecclesiastes.txt	7	https://www.ccreadbible.org/chinesebible/sigao/Ecclesiastes_bible_Ch_7_.html	补齐正文，繁转简并统一译名
25_Ecclesiastes.txt	8	https://www.ccreadbible.org/chinesebible/sigao/Ecclesiastes_bible_Ch_8_.html	补齐正文，繁转简并统一译名
25_Ecclesiastes.txt	9	https://www.ccreadbible.org/chinesebible/sigao/Ecclesiastes_bible_Ch_9_.html	补齐正文，繁转简并统一译名
25_Ecclesiastes.txt	10	https://www.ccreadbible.org/chinesebible/sigao/Ecclesiastes_bible_Ch_10_.html	补齐正文，繁转简并统一译名
25_Ecclesiastes.txt	11	https://www.ccreadbible.org/chinesebible/sigao/Ecclesiastes_bible_Ch_11_.html	补齐正文，繁转简并统一译名
25_Ecclesiastes.txt	12	https://www.ccreadbible.org/chinesebible/sigao/Ecclesiastes_bible_Ch_12_.html	补齐正文，繁转简并统一译名
26_Song_of_Solomon.txt	1	https://www.ccreadbible.org/chinesebible/sigao/Song_of_Songs_bible_Ch_1_.html	补齐正文，繁转简并统一译名
26_Song_of_Solomon.txt	2	https://www.ccreadbible.org/chinesebible/sigao/Song_of_Songs_bible_Ch_2_.html	补齐正文，繁转简并统一译名
26_Song_of_Solomon.txt	3	https://www.ccreadbible.org/chinesebible/sigao/Song_of_Songs_bible_Ch_3_.html	补齐正文，繁转简并统一译名
26_Song_of_Solomon.txt	4	https://www.ccreadbible.org/chinesebible/sigao/Song_of_Songs_bible_Ch_4_.html	补齐正文，繁转简并统一译名
26_Song_of_Solomon.txt	5	https://www.ccreadbible.org/chinesebible/sigao/Song_of_Songs_bible_Ch_5_.html	补齐正文，繁转简并统一译名
26_Song_of_Solomon.txt	6	https://www.ccreadbible.org/chinesebible/sigao/Song_of_Songs_bible_Ch_6_.html	补齐正文，繁转简并统一译名
26_Song_of_Solomon.txt	7	https://www.ccreadbible.org/chinesebible/sigao/Song_of_Songs_bible_Ch_7_.html	补齐正文，繁转简并统一译名
26_Song_of_Solomon.txt	8	https://www.ccreadbible.org/chinesebible/sigao/Song_of_Songs_bible_Ch_8_.html	补齐正文，繁转简并统一译名
27_Wisdom.txt	1	https://www.ccreadbible.org/chinesebible/sigao/Wisdom_bible_Ch_1_.html	补齐正文，繁转简并统一译名
27_Wisdom.txt	2	https://www.ccreadbible.org/chinesebible/sigao/Wisdom_bible_Ch_2_.html	补齐正文，繁转简并统一译名
27_Wisdom.txt	3	https://www.ccreadbible.org/chinesebible/sigao/Wisdom_bible_Ch_3_.html	补齐正文，繁转简并统一译名
27_Wisdom.txt	4	https://www.ccreadbible.org/chinesebible/sigao/Wisdom_bible_Ch_4_.html	补齐正文，繁转简并统一译名
27_Wisdom.txt	5	https://www.ccreadbible.org/chinesebible/sigao/Wisdom_bible_Ch_5_.html	补齐正文，繁转简并统一译名
27_Wisdom.txt	6	https://www.ccreadbible.org/chinesebible/sigao/Wisdom_bible_Ch_6_.html	补齐正文，繁转简并统一译名
27_Wisdom.txt	7	https://www.ccreadbible.org/chinesebible/sigao/Wisdom_bible_Ch_7_.html	补齐正文，繁转简并统一译名
27_Wisdom.txt	8	https://www.ccreadbible.org/chinesebible/sigao/Wisdom_bible_Ch_8_.html	补齐正文，繁转简并统一译名
27_Wisdom.txt	9	https://www.ccreadbible.org/chinesebible/sigao/Wisdom_bible_Ch_9_.html	补齐正文，繁转简并统一译名
27_Wisdom.txt	10	https://www.ccreadbible.org/chinesebible/sigao/Wisdom_bible_Ch_10_.html	补齐正文，繁转简并统一译名
27_Wisdom.txt	11	https://www.ccreadbible.org/chinesebible/sigao/Wisdom_bible_Ch_11_.html	补齐正文，繁转简并统一译名
27_Wisdom.txt	12	https://www.ccreadbible.org/chinesebible/sigao/Wisdom_bible_Ch_12_.html	补齐正文，繁转简并统一译名
27_Wisdom.txt	13	https://www.ccreadbible.org/chinesebible/sigao/Wisdom_bible_Ch_13_.html	补齐正文，繁转简并统一译名
27_Wisdom.txt	14	https://www.ccreadbible.org/chinesebible/sigao/Wisdom_bible_Ch_14_.html	补齐正文，繁转简并统一译名
27_Wisdom.txt	15	https://www.ccreadbible.org/chinesebible/sigao/Wisdom_bible_Ch_15_.html	补齐正文，繁转简并统一译名
27_Wisdom.txt	16	https://www.ccreadbible.org/chinesebible/sigao/Wisdom_bible_Ch_16_.html	补齐正文，繁转简并统一译名
27_Wisdom.txt	17	https://www.ccreadbible.org/chinesebible/sigao/Wisdom_bible_Ch_17_.html	补齐正文，繁转简并统一译名
27_Wisdom.txt	18	https://www.ccreadbible.org/chinesebible/sigao/Wisdom_bible_Ch_18_.html	补齐正文，繁转简并统一译名
27_Wisdom.txt	19	https://www.ccreadbible.org/chinesebible/sigao/Wisdom_bible_Ch_19_.html	补齐正文，繁转简并统一译名
28_Sirach.txt	1	https://www.ccreadbible.org/chinesebible/sigao/Sirach_bible_Ch_1_.html	补齐正文，繁转简并统一译名
28_Sirach.txt	2	https://www.ccreadbible.org/chinesebible/sigao/Sirach_bible_Ch_2_.html	补齐正文，繁转简并统一译名
28_Sirach.txt	3	https://www.ccreadbible.org/chinesebible/sigao/Sirach_bible_Ch_3_.html	补齐正文，繁转简并统一译名
28_Sirach.txt	4	https://www.ccreadbible.org/chinesebible/sigao/Sirach_bible_Ch_4_.html	补齐正文，繁转简并统一译名
28_Sirach.txt	5	https://www.ccreadbible.org/chinesebible/sigao/Sirach_bible_Ch_5_.html	补齐正文，繁转简并统一译名
28_Sirach.txt	6	https://www.ccreadbible.org/chinesebible/sigao/Sirach_bible_Ch_6_.html	补齐正文，繁转简并统一译名
28_Sirach.txt	7	https://www.ccreadbible.org/chinesebible/sigao/Sirach_bible_Ch_7_.html	补齐正文，繁转简并统一译名
28_Sirach.txt	8	https://www.ccreadbible.org/chinesebible/sigao/Sirach_bible_Ch_8_.html	补齐正文，繁转简并统一译名
28_Sirach.txt	9	https://www.ccreadbible.org/chinesebible/sigao/Sirach_bible_Ch_9_.html	补齐正文，繁转简并统一译名
28_Sirach.txt	10	https://www.ccreadbible.org/chinesebible/sigao/Sirach_bible_Ch_10_.html	补齐正文，繁转简并统一译名
28_Sirach.txt	11	https://www.ccreadbible.org/chinesebible/sigao/Sirach_bible_Ch_11_.html	补齐正文，繁转简并统一译名
28_Sirach.txt	12	https://www.ccreadbible.org/chinesebible/sigao/Sirach_bible_Ch_12_.html	补齐正文，繁转简并统一译名
28_Sirach.txt	13	https://www.ccreadbible.org/chinesebible/sigao/Sirach_bible_Ch_13_.html	补齐正文，繁转简并统一译名
28_Sirach.txt	14	https://www.ccreadbible.org/chinesebible/sigao/Sirach_bible_Ch_14_.html	补齐正文，繁转简并统一译名
28_Sirach.txt	15	https://www.ccreadbible.org/chinesebible/sigao/Sirach_bible_Ch_15_.html	补齐正文，繁转简并统一译名
28_Sirach.txt	16	https://www.ccreadbible.org/chinesebible/sigao/Sirach_bible_Ch_16_.html	补齐正文，繁转简并统一译名
28_Sirach.txt	17	https://www.ccreadbible.org/chinesebible/sigao/Sirach_bible_Ch_17_.html	补齐正文，繁转简并统一译名
28_Sirach.txt	18	https://www.ccreadbible.org/chinesebible/sigao/Sirach_bible_Ch_18_.html	补齐正文，繁转简并统一译名
28_Sirach.txt	19	https://www.ccreadbible.org/chinesebible/sigao/Sirach_bible_Ch_19_.html	补齐正文，繁转简并统一译名
28_Sirach.txt	20	https://www.ccreadbible.org/chinesebible/sigao/Sirach_bible_Ch_20_.html	补齐正文，繁转简并统一译名
28_Sirach.txt	21	https://www.ccreadbible.org/chinesebible/sigao/Sirach_bible_Ch_21_.html	补齐正文，繁转简并统一译名
28_Sirach.txt	22	https://www.ccreadbible.org/chinesebible/sigao/Sirach_bible_Ch_22_.html	补齐正文，繁转简并统一译名
28_Sirach.txt	23	https://www.ccreadbible.org/chinesebible/sigao/Sirach_bible_Ch_23_.html	补齐正文，繁转简并统一译名
28_Sirach.txt	24	https://www.ccreadbible.org/chinesebible/sigao/Sirach_bible_Ch_24_.html	补齐正文，繁转简并统一译名
28_Sirach.txt	25	https://www.ccreadbible.org/chinesebible/sigao/Sirach_bible_Ch_25_.html	补齐正文，繁转简并统一译名
28_Sirach.txt	26	https://www.ccreadbible.org/chinesebible/sigao/Sirach_bible_Ch_26_.html	补齐正文，繁转简并统一译名
28_Sirach.txt	27	https://www.ccreadbible.org/chinesebible/sigao/Sirach_bible_Ch_27_.html	补齐正文，繁转简并统一译名
28_Sirach.txt	28	https://www.ccreadbible.org/chinesebible/sigao/Sirach_bible_Ch_28_.html	补齐正文，繁转简并统一译名
28_Sirach.txt	29	https://www.ccreadbible.org/chinesebible/sigao/Sirach_bible_Ch_29_.html	补齐正文，繁转简并统一译名
28_Sirach.txt	30	https://www.ccreadbible.org/chinesebible/sigao/Sirach_bible_Ch_30_.html	补齐正文，繁转简并统一译名
28_Sirach.txt	31	https://www.ccreadbible.org/chinesebible/sigao/Sirach_bible_Ch_31_.html	补齐正文，繁转简并统一译名
28_Sirach.txt	32	https://www.ccreadbible.org/chinesebible/sigao/Sirach_bible_Ch_32_.html	补齐正文，繁转简并统一译名
28_Sirach.txt	33	https://www.ccreadbible.org/chinesebible/sigao/Sirach_bible_Ch_33_.html	补齐正文，繁转简并统一译名
28_Sirach.txt	34	https://www.ccreadbible.org/chinesebible/sigao/Sirach_bible_Ch_34_.html	补齐正文，繁转简并统一译名
28_Sirach.txt	35	https://www.ccreadbible.org/chinesebible/sigao/Sirach_bible_Ch_35_.html	补齐正文，繁转简并统一译名
28_Sirach.txt	36	https://www.ccreadbible.org/chinesebible/sigao/Sirach_bible_Ch_36_.html	补齐正文，繁转简并统一译名
28_Sirach.txt	37	https://www.ccreadbible.org/chinesebible/sigao/Sirach_bible_Ch_37_.html	补齐正文，繁转简并统一译名
28_Sirach.txt	38	https://www.ccreadbible.org/chinesebible/sigao/Sirach_bible_Ch_38_.html	补齐正文，繁转简并统一译名
28_Sirach.txt	39	https://www.ccreadbible.org/chinesebible/sigao/Sirach_bible_Ch_39_.html	补齐正文，繁转简并统一译名
28_Sirach.txt	40	https://www.ccreadbible.org/chinesebible/sigao/Sirach_bible_Ch_40_.html	补齐正文，繁转简并统一译名
28_Sirach.txt	41	https://www.ccreadbible.org/chinesebible/sigao/Sirach_bible_Ch_41_.html	补齐正文，繁转简并统一译名
28_Sirach.txt	42	https://www.ccreadbible.org/chinesebible/sigao/Sirach_bible_Ch_42_.html	补齐正文，繁转简并统一译名
28_Sirach.txt	43	https://www.ccreadbible.org/chinesebible/sigao/Sirach_bible_Ch_43_.html	补齐正文，繁转简并统一译名
28_Sirach.txt	44	https://www.ccreadbible.org/chinesebible/sigao/Sirach_bible_Ch_44_.html	补齐正文，繁转简并统一译名
28_Sirach.txt	45	https://www.ccreadbible.org/chinesebible/sigao/Sirach_bible_Ch_45_.html	补齐正文，繁转简并统一译名
28_Sirach.txt	46	https://www.ccreadbible.org/chinesebible/sigao/Sirach_bible_Ch_46_.html	补齐正文，繁转简并统一译名
28_Sirach.txt	47	https://www.ccreadbible.org/chinesebible/sigao/Sirach_bible_Ch_47_.html	补齐正文，繁转简并统一译名
28_Sirach.txt	48	https://www.ccreadbible.org/chinesebible/sigao/Sirach_bible_Ch_48_.html	补齐正文，繁转简并统一译名
28_Sirach.txt	49	https://www.ccreadbible.org/chinesebible/sigao/Sirach_bible_Ch_49_.html	补齐正文，繁转简并统一译名
28_Sirach.txt	50	https://www.ccreadbible.org/chinesebible/sigao/Sirach_bible_Ch_50_.html	补齐正文，繁转简并统一译名
28_Sirach.txt	51	https://www.ccreadbible.org/chinesebible/sigao/Sirach_bible_Ch_51_.html	补齐正文，繁转简并统一译名
28_Sirach.txt	希腊译本序言	https://www.wanyouzhenyuan.cn/index.php?m=bible&template=28&version=sigao	补入德训篇正文前的序言
29_Isaiah.txt	1	https://www.ccreadbible.org/chinesebible/sigao/Isaiah_bible_Ch_1_.html	补齐正文，繁转简并统一译名
29_Isaiah.txt	2	https://www.ccreadbible.org/chinesebible/sigao/Isaiah_bible_Ch_2_.html	补齐正文，繁转简并统一译名
29_Isaiah.txt	3	https://www.ccreadbible.org/chinesebible/sigao/Isaiah_bible_Ch_3_.html	补齐正文，繁转简并统一译名
29_Isaiah.txt	4	https://www.ccreadbible.org/chinesebible/sigao/Isaiah_bible_Ch_4_.html	补齐正文，繁转简并统一译名
29_Isaiah.txt	5	https://www.ccreadbible.org/chinesebible/sigao/Isaiah_bible_Ch_5_.html	补齐正文，繁转简并统一译名
29_Isaiah.txt	6	https://www.ccreadbible.org/chinesebible/sigao/Isaiah_bible_Ch_6_.html	补齐正文，繁转简并统一译名
29_Isaiah.txt	7	https://www.ccreadbible.org/chinesebible/sigao/Isaiah_bible_Ch_7_.html	补齐正文，繁转简并统一译名
29_Isaiah.txt	8	https://www.ccreadbible.org/chinesebible/sigao/Isaiah_bible_Ch_8_.html	补齐正文，繁转简并统一译名
29_Isaiah.txt	9	https://www.ccreadbible.org/chinesebible/sigao/Isaiah_bible_Ch_9_.html	补齐正文，繁转简并统一译名
29_Isaiah.txt	10	https://www.ccreadbible.org/chinesebible/sigao/Isaiah_bible_Ch_10_.html	补齐正文，繁转简并统一译名
29_Isaiah.txt	11	https://www.ccreadbible.org/chinesebible/sigao/Isaiah_bible_Ch_11_.html	补齐正文，繁转简并统一译名
29_Isaiah.txt	12	https://www.ccreadbible.org/chinesebible/sigao/Isaiah_bible_Ch_12_.html	补齐正文，繁转简并统一译名
29_Isaiah.txt	13	https://www.ccreadbible.org/chinesebible/sigao/Isaiah_bible_Ch_13_.html	补齐正文，繁转简并统一译名
29_Isaiah.txt	14	https://www.ccreadbible.org/chinesebible/sigao/Isaiah_bible_Ch_14_.html	补齐正文，繁转简并统一译名
29_Isaiah.txt	15	https://www.ccreadbible.org/chinesebible/sigao/Isaiah_bible_Ch_15_.html	补齐正文，繁转简并统一译名
29_Isaiah.txt	16	https://www.ccreadbible.org/chinesebible/sigao/Isaiah_bible_Ch_16_.html	补齐正文，繁转简并统一译名
29_Isaiah.txt	17	https://www.ccreadbible.org/chinesebible/sigao/Isaiah_bible_Ch_17_.html	补齐正文，繁转简并统一译名
29_Isaiah.txt	18	https://www.ccreadbible.org/chinesebible/sigao/Isaiah_bible_Ch_18_.html	补齐正文，繁转简并统一译名
29_Isaiah.txt	19	https://www.ccreadbible.org/chinesebible/sigao/Isaiah_bible_Ch_19_.html	补齐正文，繁转简并统一译名
29_Isaiah.txt	20	https://www.ccreadbible.org/chinesebible/sigao/Isaiah_bible_Ch_20_.html	补齐正文，繁转简并统一译名
29_Isaiah.txt	21	https://www.ccreadbible.org/chinesebible/sigao/Isaiah_bible_Ch_21_.html	补齐正文，繁转简并统一译名
29_Isaiah.txt	22	https://www.ccreadbible.org/chinesebible/sigao/Isaiah_bible_Ch_22_.html	补齐正文，繁转简并统一译名
29_Isaiah.txt	23	https://www.ccreadbible.org/chinesebible/sigao/Isaiah_bible_Ch_23_.html	补齐正文，繁转简并统一译名
29_Isaiah.txt	24	https://www.ccreadbible.org/chinesebible/sigao/Isaiah_bible_Ch_24_.html	补齐正文，繁转简并统一译名
29_Isaiah.txt	25	https://www.ccreadbible.org/chinesebible/sigao/Isaiah_bible_Ch_25_.html	补齐正文，繁转简并统一译名
29_Isaiah.txt	26	https://www.ccreadbible.org/chinesebible/sigao/Isaiah_bible_Ch_26_.html	补齐正文，繁转简并统一译名
29_Isaiah.txt	27	https://www.ccreadbible.org/chinesebible/sigao/Isaiah_bible_Ch_27_.html	补齐正文，繁转简并统一译名
29_Isaiah.txt	28	https://www.ccreadbible.org/chinesebible/sigao/Isaiah_bible_Ch_28_.html	补齐正文，繁转简并统一译名
29_Isaiah.txt	29	https://www.ccreadbible.org/chinesebible/sigao/Isaiah_bible_Ch_29_.html	补齐正文，繁转简并统一译名
29_Isaiah.txt	30	https://www.ccreadbible.org/chinesebible/sigao/Isaiah_bible_Ch_30_.html	补齐正文，繁转简并统一译名
29_Isaiah.txt	31	https://www.ccreadbible.org/chinesebible/sigao/Isaiah_bible_Ch_31_.html	补齐正文，繁转简并统一译名
29_Isaiah.txt	32	https://www.ccreadbible.org/chinesebible/sigao/Isaiah_bible_Ch_32_.html	补齐正文，繁转简并统一译名
29_Isaiah.txt	33	https://www.ccreadbible.org/chinesebible/sigao/Isaiah_bible_Ch_33_.html	补齐正文，繁转简并统一译名
29_Isaiah.txt	34	https://www.ccreadbible.org/chinesebible/sigao/Isaiah_bible_Ch_34_.html	补齐正文，繁转简并统一译名
29_Isaiah.txt	35	https://www.ccreadbible.org/chinesebible/sigao/Isaiah_bible_Ch_35_.html	补齐正文，繁转简并统一译名
29_Isaiah.txt	36	https://www.ccreadbible.org/chinesebible/sigao/Isaiah_bible_Ch_36_.html	补齐正文，繁转简并统一译名
29_Isaiah.txt	37	https://www.ccreadbible.org/chinesebible/sigao/Isaiah_bible_Ch_37_.html	补齐正文，繁转简并统一译名
29_Isaiah.txt	38	https://www.ccreadbible.org/chinesebible/sigao/Isaiah_bible_Ch_38_.html	补齐正文，繁转简并统一译名
29_Isaiah.txt	39	https://www.ccreadbible.org/chinesebible/sigao/Isaiah_bible_Ch_39_.html	补齐正文，繁转简并统一译名
29_Isaiah.txt	40	https://www.ccreadbible.org/chinesebible/sigao/Isaiah_bible_Ch_40_.html	补齐正文，繁转简并统一译名
29_Isaiah.txt	41	https://www.ccreadbible.org/chinesebible/sigao/Isaiah_bible_Ch_41_.html	补齐正文，繁转简并统一译名
29_Isaiah.txt	42	https://www.ccreadbible.org/chinesebible/sigao/Isaiah_bible_Ch_42_.html	补齐正文，繁转简并统一译名
29_Isaiah.txt	43	https://www.ccreadbible.org/chinesebible/sigao/Isaiah_bible_Ch_43_.html	补齐正文，繁转简并统一译名
29_Isaiah.txt	44	https://www.ccreadbible.org/chinesebible/sigao/Isaiah_bible_Ch_44_.html	补齐正文，繁转简并统一译名
29_Isaiah.txt	45	https://www.ccreadbible.org/chinesebible/sigao/Isaiah_bible_Ch_45_.html	补齐正文，繁转简并统一译名
29_Isaiah.txt	46	https://www.ccreadbible.org/chinesebible/sigao/Isaiah_bible_Ch_46_.html	补齐正文，繁转简并统一译名
29_Isaiah.txt	47	https://www.ccreadbible.org/chinesebible/sigao/Isaiah_bible_Ch_47_.html	补齐正文，繁转简并统一译名
29_Isaiah.txt	48	https://www.ccreadbible.org/chinesebible/sigao/Isaiah_bible_Ch_48_.html	补齐正文，繁转简并统一译名
29_Isaiah.txt	49	https://www.ccreadbible.org/chinesebible/sigao/Isaiah_bible_Ch_49_.html	补齐正文，繁转简并统一译名
29_Isaiah.txt	50	https://www.ccreadbible.org/chinesebible/sigao/Isaiah_bible_Ch_50_.html	补齐正文，繁转简并统一译名
29_Isaiah.txt	51	https://www.ccreadbible.org/chinesebible/sigao/Isaiah_bible_Ch_51_.html	补齐正文，繁转简并统一译名
29_Isaiah.txt	52	https://www.ccreadbible.org/chinesebible/sigao/Isaiah_bible_Ch_52_.html	补齐正文，繁转简并统一译名
29_Isaiah.txt	53	https://www.ccreadbible.org/chinesebible/sigao/Isaiah_bible_Ch_53_.html	补齐正文，繁转简并统一译名
29_Isaiah.txt	54	https://www.ccreadbible.org/chinesebible/sigao/Isaiah_bible_Ch_54_.html	补齐正文，繁转简并统一译名
29_Isaiah.txt	55	https://www.ccreadbible.org/chinesebible/sigao/Isaiah_bible_Ch_55_.html	补齐正文，繁转简并统一译名
29_Isaiah.txt	56	https://www.ccreadbible.org/chinesebible/sigao/Isaiah_bible_Ch_56_.html	补齐正文，繁转简并统一译名
29_Isaiah.txt	57	https://www.ccreadbible.org/chinesebible/sigao/Isaiah_bible_Ch_57_.html	补齐正文，繁转简并统一译名
29_Isaiah.txt	58	https://www.ccreadbible.org/chinesebible/sigao/Isaiah_bible_Ch_58_.html	补齐正文，繁转简并统一译名
29_Isaiah.txt	59	https://www.ccreadbible.org/chinesebible/sigao/Isaiah_bible_Ch_59_.html	补齐正文，繁转简并统一译名
29_Isaiah.txt	60	https://www.ccreadbible.org/chinesebible/sigao/Isaiah_bible_Ch_60_.html	补齐正文，繁转简并统一译名
29_Isaiah.txt	61	https://www.ccreadbible.org/chinesebible/sigao/Isaiah_bible_Ch_61_.html	补齐正文，繁转简并统一译名
29_Isaiah.txt	62	https://www.ccreadbible.org/chinesebible/sigao/Isaiah_bible_Ch_62_.html	补齐正文，繁转简并统一译名
29_Isaiah.txt	63	https://www.ccreadbible.org/chinesebible/sigao/Isaiah_bible_Ch_63_.html	补齐正文，繁转简并统一译名
29_Isaiah.txt	64	https://www.ccreadbible.org/chinesebible/sigao/Isaiah_bible_Ch_64_.html	补齐正文，繁转简并统一译名
29_Isaiah.txt	65	https://www.ccreadbible.org/chinesebible/sigao/Isaiah_bible_Ch_65_.html	补齐正文，繁转简并统一译名
29_Isaiah.txt	66	https://www.ccreadbible.org/chinesebible/sigao/Isaiah_bible_Ch_66_.html	补齐正文，繁转简并统一译名
30_Jeremiah.txt	1	https://www.ccreadbible.org/chinesebible/sigao/Jeremiah_bible_Ch_1_.html	补齐正文，繁转简并统一译名
30_Jeremiah.txt	2	https://www.ccreadbible.org/chinesebible/sigao/Jeremiah_bible_Ch_2_.html	补齐正文，繁转简并统一译名
30_Jeremiah.txt	3	https://www.ccreadbible.org/chinesebible/sigao/Jeremiah_bible_Ch_3_.html	补齐正文，繁转简并统一译名
30_Jeremiah.txt	4	https://www.ccreadbible.org/chinesebible/sigao/Jeremiah_bible_Ch_4_.html	补齐正文，繁转简并统一译名
30_Jeremiah.txt	5	https://www.ccreadbible.org/chinesebible/sigao/Jeremiah_bible_Ch_5_.html	补齐正文，繁转简并统一译名
30_Jeremiah.txt	6	https://www.ccreadbible.org/chinesebible/sigao/Jeremiah_bible_Ch_6_.html	补齐正文，繁转简并统一译名
30_Jeremiah.txt	7	https://www.ccreadbible.org/chinesebible/sigao/Jeremiah_bible_Ch_7_.html	补齐正文，繁转简并统一译名
30_Jeremiah.txt	8	https://www.ccreadbible.org/chinesebible/sigao/Jeremiah_bible_Ch_8_.html	补齐正文，繁转简并统一译名
30_Jeremiah.txt	9	https://www.ccreadbible.org/chinesebible/sigao/Jeremiah_bible_Ch_9_.html	补齐正文，繁转简并统一译名
30_Jeremiah.txt	10	https://www.ccreadbible.org/chinesebible/sigao/Jeremiah_bible_Ch_10_.html	补齐正文，繁转简并统一译名
30_Jeremiah.txt	11	https://www.ccreadbible.org/chinesebible/sigao/Jeremiah_bible_Ch_11_.html	补齐正文，繁转简并统一译名
30_Jeremiah.txt	12	https://www.ccreadbible.org/chinesebible/sigao/Jeremiah_bible_Ch_12_.html	补齐正文，繁转简并统一译名
30_Jeremiah.txt	13	https://www.ccreadbible.org/chinesebible/sigao/Jeremiah_bible_Ch_13_.html	补齐正文，繁转简并统一译名
30_Jeremiah.txt	14	https://www.ccreadbible.org/chinesebible/sigao/Jeremiah_bible_Ch_14_.html	补齐正文，繁转简并统一译名
30_Jeremiah.txt	15	https://www.ccreadbible.org/chinesebible/sigao/Jeremiah_bible_Ch_15_.html	补齐正文，繁转简并统一译名
30_Jeremiah.txt	16	https://www.ccreadbible.org/chinesebible/sigao/Jeremiah_bible_Ch_16_.html	补齐正文，繁转简并统一译名
30_Jeremiah.txt	17	https://www.ccreadbible.org/chinesebible/sigao/Jeremiah_bible_Ch_17_.html	补齐正文，繁转简并统一译名
30_Jeremiah.txt	18	https://www.ccreadbible.org/chinesebible/sigao/Jeremiah_bible_Ch_18_.html	补齐正文，繁转简并统一译名
30_Jeremiah.txt	19	https://www.ccreadbible.org/chinesebible/sigao/Jeremiah_bible_Ch_19_.html	补齐正文，繁转简并统一译名
30_Jeremiah.txt	20	https://www.ccreadbible.org/chinesebible/sigao/Jeremiah_bible_Ch_20_.html	补齐正文，繁转简并统一译名
30_Jeremiah.txt	21	https://www.ccreadbible.org/chinesebible/sigao/Jeremiah_bible_Ch_21_.html	补齐正文，繁转简并统一译名
30_Jeremiah.txt	22	https://www.ccreadbible.org/chinesebible/sigao/Jeremiah_bible_Ch_22_.html	补齐正文，繁转简并统一译名
30_Jeremiah.txt	23	https://www.ccreadbible.org/chinesebible/sigao/Jeremiah_bible_Ch_23_.html	补齐正文，繁转简并统一译名
30_Jeremiah.txt	24	https://www.ccreadbible.org/chinesebible/sigao/Jeremiah_bible_Ch_24_.html	补齐正文，繁转简并统一译名
30_Jeremiah.txt	25	https://www.ccreadbible.org/chinesebible/sigao/Jeremiah_bible_Ch_25_.html	补齐正文，繁转简并统一译名
30_Jeremiah.txt	26	https://www.ccreadbible.org/chinesebible/sigao/Jeremiah_bible_Ch_26_.html	补齐正文，繁转简并统一译名
30_Jeremiah.txt	27	https://www.ccreadbible.org/chinesebible/sigao/Jeremiah_bible_Ch_27_.html	补齐正文，繁转简并统一译名
30_Jeremiah.txt	28	https://www.ccreadbible.org/chinesebible/sigao/Jeremiah_bible_Ch_28_.html	补齐正文，繁转简并统一译名
30_Jeremiah.txt	29	https://www.ccreadbible.org/chinesebible/sigao/Jeremiah_bible_Ch_29_.html	补齐正文，繁转简并统一译名
30_Jeremiah.txt	30	https://www.ccreadbible.org/chinesebible/sigao/Jeremiah_bible_Ch_30_.html	补齐正文，繁转简并统一译名
30_Jeremiah.txt	31	https://www.ccreadbible.org/chinesebible/sigao/Jeremiah_bible_Ch_31_.html	补齐正文，繁转简并统一译名
30_Jeremiah.txt	32	https://www.ccreadbible.org/chinesebible/sigao/Jeremiah_bible_Ch_32_.html	补齐正文，繁转简并统一译名
30_Jeremiah.txt	33	https://www.ccreadbible.org/chinesebible/sigao/Jeremiah_bible_Ch_33_.html	补齐正文，繁转简并统一译名
30_Jeremiah.txt	34	https://www.ccreadbible.org/chinesebible/sigao/Jeremiah_bible_Ch_34_.html	补齐正文，繁转简并统一译名
30_Jeremiah.txt	35	https://www.ccreadbible.org/chinesebible/sigao/Jeremiah_bible_Ch_35_.html	补齐正文，繁转简并统一译名
30_Jeremiah.txt	36	https://www.ccreadbible.org/chinesebible/sigao/Jeremiah_bible_Ch_36_.html	补齐正文，繁转简并统一译名
30_Jeremiah.txt	37	https://www.ccreadbible.org/chinesebible/sigao/Jeremiah_bible_Ch_37_.html	补齐正文，繁转简并统一译名
30_Jeremiah.txt	38	https://www.ccreadbible.org/chinesebible/sigao/Jeremiah_bible_Ch_38_.html	补齐正文，繁转简并统一译名
30_Jeremiah.txt	39	https://www.ccreadbible.org/chinesebible/sigao/Jeremiah_bible_Ch_39_.html	补齐正文，繁转简并统一译名
30_Jeremiah.txt	40	https://www.ccreadbible.org/chinesebible/sigao/Jeremiah_bible_Ch_40_.html	补齐正文，繁转简并统一译名
30_Jeremiah.txt	41	https://www.ccreadbible.org/chinesebible/sigao/Jeremiah_bible_Ch_41_.html	补齐正文，繁转简并统一译名
30_Jeremiah.txt	42	https://www.ccreadbible.org/chinesebible/sigao/Jeremiah_bible_Ch_42_.html	补齐正文，繁转简并统一译名
30_Jeremiah.txt	43	https://www.ccreadbible.org/chinesebible/sigao/Jeremiah_bible_Ch_43_.html	补齐正文，繁转简并统一译名
30_Jeremiah.txt	44	https://www.ccreadbible.org/chinesebible/sigao/Jeremiah_bible_Ch_44_.html	补齐正文，繁转简并统一译名
30_Jeremiah.txt	45	https://www.ccreadbible.org/chinesebible/sigao/Jeremiah_bible_Ch_45_.html	补齐正文，繁转简并统一译名
30_Jeremiah.txt	46	https://www.ccreadbible.org/chinesebible/sigao/Jeremiah_bible_Ch_46_.html	补齐正文，繁转简并统一译名
30_Jeremiah.txt	47	https://www.ccreadbible.org/chinesebible/sigao/Jeremiah_bible_Ch_47_.html	补齐正文，繁转简并统一译名
30_Jeremiah.txt	48	https://www.ccreadbible.org/chinesebible/sigao/Jeremiah_bible_Ch_48_.html	补齐正文，繁转简并统一译名
30_Jeremiah.txt	49	https://www.ccreadbible.org/chinesebible/sigao/Jeremiah_bible_Ch_49_.html	补齐正文，繁转简并统一译名
30_Jeremiah.txt	50	https://www.ccreadbible.org/chinesebible/sigao/Jeremiah_bible_Ch_50_.html	补齐正文，繁转简并统一译名
30_Jeremiah.txt	51	https://www.ccreadbible.org/chinesebible/sigao/Jeremiah_bible_Ch_51_.html	补齐正文，繁转简并统一译名
30_Jeremiah.txt	52	https://www.ccreadbible.org/chinesebible/sigao/Jeremiah_bible_Ch_52_.html	补齐正文，繁转简并统一译名
31_Lamentations.txt	1	https://www.ccreadbible.org/chinesebible/sigao/Lamentations_bible_Ch_1_.html	补齐正文，繁转简并统一译名
31_Lamentations.txt	2	https://www.ccreadbible.org/chinesebible/sigao/Lamentations_bible_Ch_2_.html	补齐正文，繁转简并统一译名
31_Lamentations.txt	3	https://www.ccreadbible.org/chinesebible/sigao/Lamentations_bible_Ch_3_.html	补齐正文，繁转简并统一译名
31_Lamentations.txt	4	https://www.ccreadbible.org/chinesebible/sigao/Lamentations_bible_Ch_4_.html	补齐正文，繁转简并统一译名
31_Lamentations.txt	5	https://www.ccreadbible.org/chinesebible/sigao/Lamentations_bible_Ch_5_.html	补齐正文，繁转简并统一译名
32_Baruch.txt	1	https://www.ccreadbible.org/chinesebible/sigao/Baruch_bible_Ch_1_.html	补齐正文，繁转简并统一译名
32_Baruch.txt	2	https://www.ccreadbible.org/chinesebible/sigao/Baruch_bible_Ch_2_.html	补齐正文，繁转简并统一译名
32_Baruch.txt	3	https://www.ccreadbible.org/chinesebible/sigao/Baruch_bible_Ch_3_.html	补齐正文，繁转简并统一译名
32_Baruch.txt	4	https://www.ccreadbible.org/chinesebible/sigao/Baruch_bible_Ch_4_.html	补齐正文，繁转简并统一译名
32_Baruch.txt	5	https://www.ccreadbible.org/chinesebible/sigao/Baruch_bible_Ch_5_.html	补齐正文，繁转简并统一译名
32_Baruch.txt	6	https://www.ccreadbible.org/chinesebible/sigao/Baruch_bible_Ch_6_.html	补齐正文，繁转简并统一译名
33_Ezekiel.txt	1	https://www.ccreadbible.org/chinesebible/sigao/Ezekiel_bible_Ch_1_.html	补齐正文，繁转简并统一译名
33_Ezekiel.txt	2	https://www.ccreadbible.org/chinesebible/sigao/Ezekiel_bible_Ch_2_.html	补齐正文，繁转简并统一译名
33_Ezekiel.txt	3	https://www.ccreadbible.org/chinesebible/sigao/Ezekiel_bible_Ch_3_.html	补齐正文，繁转简并统一译名
33_Ezekiel.txt	4	https://www.ccreadbible.org/chinesebible/sigao/Ezekiel_bible_Ch_4_.html	补齐正文，繁转简并统一译名
33_Ezekiel.txt	5	https://www.ccreadbible.org/chinesebible/sigao/Ezekiel_bible_Ch_5_.html	补齐正文，繁转简并统一译名
33_Ezekiel.txt	6	https://www.ccreadbible.org/chinesebible/sigao/Ezekiel_bible_Ch_6_.html	补齐正文，繁转简并统一译名
33_Ezekiel.txt	7	https://www.ccreadbible.org/chinesebible/sigao/Ezekiel_bible_Ch_7_.html	补齐正文，繁转简并统一译名
33_Ezekiel.txt	8	https://www.ccreadbible.org/chinesebible/sigao/Ezekiel_bible_Ch_8_.html	补齐正文，繁转简并统一译名
33_Ezekiel.txt	9	https://www.ccreadbible.org/chinesebible/sigao/Ezekiel_bible_Ch_9_.html	补齐正文，繁转简并统一译名
33_Ezekiel.txt	10	https://www.ccreadbible.org/chinesebible/sigao/Ezekiel_bible_Ch_10_.html	补齐正文，繁转简并统一译名
33_Ezekiel.txt	11	https://www.ccreadbible.org/chinesebible/sigao/Ezekiel_bible_Ch_11_.html	补齐正文，繁转简并统一译名
33_Ezekiel.txt	12	https://www.ccreadbible.org/chinesebible/sigao/Ezekiel_bible_Ch_12_.html	补齐正文，繁转简并统一译名
33_Ezekiel.txt	13	https://www.ccreadbible.org/chinesebible/sigao/Ezekiel_bible_Ch_13_.html	补齐正文，繁转简并统一译名
33_Ezekiel.txt	14	https://www.ccreadbible.org/chinesebible/sigao/Ezekiel_bible_Ch_14_.html	补齐正文，繁转简并统一译名
33_Ezekiel.txt	15	https://www.ccreadbible.org/chinesebible/sigao/Ezekiel_bible_Ch_15_.html	补齐正文，繁转简并统一译名
33_Ezekiel.txt	16	https://www.ccreadbible.org/chinesebible/sigao/Ezekiel_bible_Ch_16_.html	补齐正文，繁转简并统一译名
33_Ezekiel.txt	17	https://www.ccreadbible.org/chinesebible/sigao/Ezekiel_bible_Ch_17_.html	补齐正文，繁转简并统一译名
33_Ezekiel.txt	18	https://www.ccreadbible.org/chinesebible/sigao/Ezekiel_bible_Ch_18_.html	补齐正文，繁转简并统一译名
33_Ezekiel.txt	19	https://www.ccreadbible.org/chinesebible/sigao/Ezekiel_bible_Ch_19_.html	补齐正文，繁转简并统一译名
33_Ezekiel.txt	20	https://www.ccreadbible.org/chinesebible/sigao/Ezekiel_bible_Ch_20_.html	补齐正文，繁转简并统一译名
33_Ezekiel.txt	21	https://www.ccreadbible.org/chinesebible/sigao/Ezekiel_bible_Ch_21_.html	补齐正文，繁转简并统一译名
33_Ezekiel.txt	22	https://www.ccreadbible.org/chinesebible/sigao/Ezekiel_bible_Ch_22_.html	补齐正文，繁转简并统一译名
33_Ezekiel.txt	23	https://www.ccreadbible.org/chinesebible/sigao/Ezekiel_bible_Ch_23_.html	补齐正文，繁转简并统一译名
33_Ezekiel.txt	24	https://www.ccreadbible.org/chinesebible/sigao/Ezekiel_bible_Ch_24_.html	补齐正文，繁转简并统一译名
33_Ezekiel.txt	25	https://www.ccreadbible.org/chinesebible/sigao/Ezekiel_bible_Ch_25_.html	补齐正文，繁转简并统一译名
33_Ezekiel.txt	26	https://www.ccreadbible.org/chinesebible/sigao/Ezekiel_bible_Ch_26_.html	补齐正文，繁转简并统一译名
33_Ezekiel.txt	27	https://www.ccreadbible.org/chinesebible/sigao/Ezekiel_bible_Ch_27_.html	补齐正文，繁转简并统一译名
33_Ezekiel.txt	28	https://www.ccreadbible.org/chinesebible/sigao/Ezekiel_bible_Ch_28_.html	补齐正文，繁转简并统一译名
33_Ezekiel.txt	29	https://www.ccreadbible.org/chinesebible/sigao/Ezekiel_bible_Ch_29_.html	补齐正文，繁转简并统一译名
33_Ezekiel.txt	30	https://www.ccreadbible.org/chinesebible/sigao/Ezekiel_bible_Ch_30_.html	补齐正文，繁转简并统一译名
33_Ezekiel.txt	31	https://www.ccreadbible.org/chinesebible/sigao/Ezekiel_bible_Ch_31_.html	补齐正文，繁转简并统一译名
33_Ezekiel.txt	32	https://www.ccreadbible.org/chinesebible/sigao/Ezekiel_bible_Ch_32_.html	补齐正文，繁转简并统一译名
33_Ezekiel.txt	33	https://www.ccreadbible.org/chinesebible/sigao/Ezekiel_bible_Ch_33_.html	补齐正文，繁转简并统一译名
33_Ezekiel.txt	34	https://www.ccreadbible.org/chinesebible/sigao/Ezekiel_bible_Ch_34_.html	补齐正文，繁转简并统一译名
33_Ezekiel.txt	35	https://www.ccreadbible.org/chinesebible/sigao/Ezekiel_bible_Ch_35_.html	补齐正文，繁转简并统一译名
33_Ezekiel.txt	36	https://www.ccreadbible.org/chinesebible/sigao/Ezekiel_bible_Ch_36_.html	补齐正文，繁转简并统一译名
33_Ezekiel.txt	37	https://www.ccreadbible.org/chinesebible/sigao/Ezekiel_bible_Ch_37_.html	补齐正文，繁转简并统一译名
33_Ezekiel.txt	38	https://www.ccreadbible.org/chinesebible/sigao/Ezekiel_bible_Ch_38_.html	补齐正文，繁转简并统一译名
33_Ezekiel.txt	39	https://www.ccreadbible.org/chinesebible/sigao/Ezekiel_bible_Ch_39_.html	补齐正文，繁转简并统一译名
33_Ezekiel.txt	40	https://www.ccreadbible.org/chinesebible/sigao/Ezekiel_bible_Ch_40_.html	补齐正文，繁转简并统一译名
33_Ezekiel.txt	41	https://www.ccreadbible.org/chinesebible/sigao/Ezekiel_bible_Ch_41_.html	补齐正文，繁转简并统一译名
33_Ezekiel.txt	42	https://www.ccreadbible.org/chinesebible/sigao/Ezekiel_bible_Ch_42_.html	补齐正文，繁转简并统一译名
33_Ezekiel.txt	43	https://www.ccreadbible.org/chinesebible/sigao/Ezekiel_bible_Ch_43_.html	补齐正文，繁转简并统一译名
33_Ezekiel.txt	44	https://www.ccreadbible.org/chinesebible/sigao/Ezekiel_bible_Ch_44_.html	补齐正文，繁转简并统一译名
33_Ezekiel.txt	45	https://www.ccreadbible.org/chinesebible/sigao/Ezekiel_bible_Ch_45_.html	补齐正文，繁转简并统一译名
33_Ezekiel.txt	46	https://www.ccreadbible.org/chinesebible/sigao/Ezekiel_bible_Ch_46_.html	补齐正文，繁转简并统一译名
33_Ezekiel.txt	47	https://www.ccreadbible.org/chinesebible/sigao/Ezekiel_bible_Ch_47_.html	补齐正文，繁转简并统一译名
33_Ezekiel.txt	48	https://www.ccreadbible.org/chinesebible/sigao/Ezekiel_bible_Ch_48_.html	补齐正文，繁转简并统一译名
34_Daniel.txt	1	https://www.ccreadbible.org/chinesebible/sigao/Daniel_bible_Ch_1_.html	补齐正文，繁转简并统一译名
34_Daniel.txt	2	https://www.ccreadbible.org/chinesebible/sigao/Daniel_bible_Ch_2_.html	补齐正文，繁转简并统一译名
34_Daniel.txt	3	https://www.ccreadbible.org/chinesebible/sigao/Daniel_bible_Ch_3_.html	补齐正文，繁转简并统一译名
34_Daniel.txt	4	https://www.ccreadbible.org/chinesebible/sigao/Daniel_bible_Ch_4_.html	补齐正文，繁转简并统一译名
34_Daniel.txt	5	https://www.ccreadbible.org/chinesebible/sigao/Daniel_bible_Ch_5_.html	补齐正文，繁转简并统一译名
34_Daniel.txt	6	https://www.ccreadbible.org/chinesebible/sigao/Daniel_bible_Ch_6_.html	补齐正文，繁转简并统一译名
34_Daniel.txt	7	https://www.ccreadbible.org/chinesebible/sigao/Daniel_bible_Ch_7_.html	补齐正文，繁转简并统一译名
34_Daniel.txt	8	https://www.ccreadbible.org/chinesebible/sigao/Daniel_bible_Ch_8_.html	补齐正文，繁转简并统一译名
34_Daniel.txt	9	https://www.ccreadbible.org/chinesebible/sigao/Daniel_bible_Ch_9_.html	补齐正文，繁转简并统一译名
34_Daniel.txt	10	https://www.ccreadbible.org/chinesebible/sigao/Daniel_bible_Ch_10_.html	补齐正文，繁转简并统一译名
34_Daniel.txt	11	https://www.ccreadbible.org/chinesebible/sigao/Daniel_bible_Ch_11_.html	补齐正文，繁转简并统一译名
34_Daniel.txt	12	https://www.ccreadbible.org/chinesebible/sigao/Daniel_bible_Ch_12_.html	补齐正文，繁转简并统一译名
34_Daniel.txt	13	https://www.ccreadbible.org/chinesebible/sigao/Daniel_bible_Ch_13_.html	补齐正文，繁转简并统一译名
34_Daniel.txt	14	https://www.ccreadbible.org/chinesebible/sigao/Daniel_bible_Ch_14_.html	补齐正文，繁转简并统一译名
35_Hosea.txt	1	https://www.ccreadbible.org/chinesebible/sigao/Hosea_bible_Ch_1_.html	补齐正文，繁转简并统一译名
35_Hosea.txt	1:1	https://www.wanyouzhenyuan.cn/index.php?m=bible&version=sigao&template=35&chapter=1	据另一思高来源校正王名：纳堂 → 约堂；再按和合本改为约坦
35_Hosea.txt	2	https://www.ccreadbible.org/chinesebible/sigao/Hosea_bible_Ch_2_.html	补齐正文，繁转简并统一译名
35_Hosea.txt	3	https://www.ccreadbible.org/chinesebible/sigao/Hosea_bible_Ch_3_.html	补齐正文，繁转简并统一译名
35_Hosea.txt	4	https://www.ccreadbible.org/chinesebible/sigao/Hosea_bible_Ch_4_.html	补齐正文，繁转简并统一译名
35_Hosea.txt	5	https://www.ccreadbible.org/chinesebible/sigao/Hosea_bible_Ch_5_.html	补齐正文，繁转简并统一译名
35_Hosea.txt	6	https://www.ccreadbible.org/chinesebible/sigao/Hosea_bible_Ch_6_.html	补齐正文，繁转简并统一译名
35_Hosea.txt	7	https://www.ccreadbible.org/chinesebible/sigao/Hosea_bible_Ch_7_.html	补齐正文，繁转简并统一译名
35_Hosea.txt	8	https://www.ccreadbible.org/chinesebible/sigao/Hosea_bible_Ch_8_.html	补齐正文，繁转简并统一译名
35_Hosea.txt	9	https://www.ccreadbible.org/chinesebible/sigao/Hosea_bible_Ch_9_.html	补齐正文，繁转简并统一译名
35_Hosea.txt	10	https://www.ccreadbible.org/chinesebible/sigao/Hosea_bible_Ch_10_.html	补齐正文，繁转简并统一译名
35_Hosea.txt	11	https://www.ccreadbible.org/chinesebible/sigao/Hosea_bible_Ch_11_.html	补齐正文，繁转简并统一译名
35_Hosea.txt	12	https://www.ccreadbible.org/chinesebible/sigao/Hosea_bible_Ch_12_.html	补齐正文，繁转简并统一译名
35_Hosea.txt	13	https://www.ccreadbible.org/chinesebible/sigao/Hosea_bible_Ch_13_.html	补齐正文，繁转简并统一译名
35_Hosea.txt	14	https://www.ccreadbible.org/chinesebible/sigao/Hosea_bible_Ch_14_.html	补齐正文，繁转简并统一译名
36_Joel.txt	1	https://www.ccreadbible.org/chinesebible/sigao/Joel_bible_Ch_1_.html	补齐正文，繁转简并统一译名
36_Joel.txt	2	https://www.ccreadbible.org/chinesebible/sigao/Joel_bible_Ch_2_.html	补齐正文，繁转简并统一译名
36_Joel.txt	3	https://www.ccreadbible.org/chinesebible/sigao/Joel_bible_Ch_3_.html	补齐正文，繁转简并统一译名
36_Joel.txt	4	https://www.ccreadbible.org/chinesebible/sigao/Joel_bible_Ch_4_.html	补齐正文，繁转简并统一译名
37_Amos.txt	1	https://www.ccreadbible.org/chinesebible/sigao/Amos_bible_Ch_1_.html	补齐正文，繁转简并统一译名
37_Amos.txt	2	https://www.ccreadbible.org/chinesebible/sigao/Amos_bible_Ch_2_.html	补齐正文，繁转简并统一译名
37_Amos.txt	3	https://www.ccreadbible.org/chinesebible/sigao/Amos_bible_Ch_3_.html	补齐正文，繁转简并统一译名
37_Amos.txt	4	https://www.ccreadbible.org/chinesebible/sigao/Amos_bible_Ch_4_.html	补齐正文，繁转简并统一译名
37_Amos.txt	5	https://www.ccreadbible.org/chinesebible/sigao/Amos_bible_Ch_5_.html	补齐正文，繁转简并统一译名
37_Amos.txt	6	https://www.ccreadbible.org/chinesebible/sigao/Amos_bible_Ch_6_.html	补齐正文，繁转简并统一译名
37_Amos.txt	7	https://www.ccreadbible.org/chinesebible/sigao/Amos_bible_Ch_7_.html	补齐正文，繁转简并统一译名
37_Amos.txt	8	https://www.ccreadbible.org/chinesebible/sigao/Amos_bible_Ch_8_.html	补齐正文，繁转简并统一译名
37_Amos.txt	9	https://www.ccreadbible.org/chinesebible/sigao/Amos_bible_Ch_9_.html	补齐正文，繁转简并统一译名
38_Obadiah.txt	1	https://www.ccreadbible.org/chinesebible/sigao/Obadiah_bible_Ch_1_.html	补齐正文，繁转简并统一译名
39_Jonah.txt	1	https://github.com/IoannesRui/bible/blob/6cfbf71622ead0aaef5a1f6c03d62b01a42a169c/books/39_Jonah.tex	原有正文与注释，保持本仓库之前的转换内容
39_Jonah.txt	2	https://github.com/IoannesRui/bible/blob/6cfbf71622ead0aaef5a1f6c03d62b01a42a169c/books/39_Jonah.tex	原有正文与注释，保持本仓库之前的转换内容
39_Jonah.txt	3	https://github.com/IoannesRui/bible/blob/6cfbf71622ead0aaef5a1f6c03d62b01a42a169c/books/39_Jonah.tex	原有正文与注释，保持本仓库之前的转换内容
39_Jonah.txt	4	https://github.com/IoannesRui/bible/blob/6cfbf71622ead0aaef5a1f6c03d62b01a42a169c/books/39_Jonah.tex	原有正文与注释，保持本仓库之前的转换内容
40_Micah.txt	1	https://www.ccreadbible.org/chinesebible/sigao/Micah_bible_Ch_1_.html	补齐正文，繁转简并统一译名
40_Micah.txt	2	https://www.ccreadbible.org/chinesebible/sigao/Micah_bible_Ch_2_.html	补齐正文，繁转简并统一译名
40_Micah.txt	3	https://www.ccreadbible.org/chinesebible/sigao/Micah_bible_Ch_3_.html	补齐正文，繁转简并统一译名
40_Micah.txt	4	https://www.ccreadbible.org/chinesebible/sigao/Micah_bible_Ch_4_.html	补齐正文，繁转简并统一译名
40_Micah.txt	5	https://www.ccreadbible.org/chinesebible/sigao/Micah_bible_Ch_5_.html	补齐正文，繁转简并统一译名
40_Micah.txt	6	https://www.ccreadbible.org/chinesebible/sigao/Micah_bible_Ch_6_.html	补齐正文，繁转简并统一译名
40_Micah.txt	7	https://www.ccreadbible.org/chinesebible/sigao/Micah_bible_Ch_7_.html	补齐正文，繁转简并统一译名
41_Nahum.txt	1	https://www.ccreadbible.org/chinesebible/sigao/Nahum_bible_Ch_1_.html	补齐正文，繁转简并统一译名
41_Nahum.txt	2	https://www.ccreadbible.org/chinesebible/sigao/Nahum_bible_Ch_2_.html	补齐正文，繁转简并统一译名
41_Nahum.txt	3	https://www.ccreadbible.org/chinesebible/sigao/Nahum_bible_Ch_3_.html	补齐正文，繁转简并统一译名
42_Habakkuk.txt	1	https://www.ccreadbible.org/chinesebible/sigao/Habakkuk_bible_Ch_1_.html	补齐正文，繁转简并统一译名
42_Habakkuk.txt	2	https://www.ccreadbible.org/chinesebible/sigao/Habakkuk_bible_Ch_2_.html	补齐正文，繁转简并统一译名
42_Habakkuk.txt	3	https://www.ccreadbible.org/chinesebible/sigao/Habakkuk_bible_Ch_3_.html	补齐正文，繁转简并统一译名
43_Zephaniah.txt	1	https://www.ccreadbible.org/chinesebible/sigao/Zephaniah_bible_Ch_1_.html	补齐正文，繁转简并统一译名
43_Zephaniah.txt	2	https://www.ccreadbible.org/chinesebible/sigao/Zephaniah_bible_Ch_2_.html	补齐正文，繁转简并统一译名
43_Zephaniah.txt	3	https://www.ccreadbible.org/chinesebible/sigao/Zephaniah_bible_Ch_3_.html	补齐正文，繁转简并统一译名
44_Haggai.txt	1	https://www.ccreadbible.org/chinesebible/sigao/Haggai_bible_Ch_1_.html	补齐正文，繁转简并统一译名
44_Haggai.txt	2	https://www.ccreadbible.org/chinesebible/sigao/Haggai_bible_Ch_2_.html	补齐正文，繁转简并统一译名
45_Zechariah.txt	1	https://www.ccreadbible.org/chinesebible/sigao/Zechariah_bible_Ch_1_.html	补齐正文，繁转简并统一译名
45_Zechariah.txt	2	https://www.ccreadbible.org/chinesebible/sigao/Zechariah_bible_Ch_2_.html	补齐正文，繁转简并统一译名
45_Zechariah.txt	3	https://www.ccreadbible.org/chinesebible/sigao/Zechariah_bible_Ch_3_.html	补齐正文，繁转简并统一译名
45_Zechariah.txt	4	https://www.ccreadbible.org/chinesebible/sigao/Zechariah_bible_Ch_4_.html	补齐正文，繁转简并统一译名
45_Zechariah.txt	5	https://www.ccreadbible.org/chinesebible/sigao/Zechariah_bible_Ch_5_.html	补齐正文，繁转简并统一译名
45_Zechariah.txt	6	https://www.ccreadbible.org/chinesebible/sigao/Zechariah_bible_Ch_6_.html	补齐正文，繁转简并统一译名
45_Zechariah.txt	7	https://www.ccreadbible.org/chinesebible/sigao/Zechariah_bible_Ch_7_.html	补齐正文，繁转简并统一译名
45_Zechariah.txt	8	https://www.ccreadbible.org/chinesebible/sigao/Zechariah_bible_Ch_8_.html	补齐正文，繁转简并统一译名
45_Zechariah.txt	9	https://www.ccreadbible.org/chinesebible/sigao/Zechariah_bible_Ch_9_.html	补齐正文，繁转简并统一译名
45_Zechariah.txt	10	https://www.ccreadbible.org/chinesebible/sigao/Zechariah_bible_Ch_10_.html	补齐正文，繁转简并统一译名
45_Zechariah.txt	11	https://www.ccreadbible.org/chinesebible/sigao/Zechariah_bible_Ch_11_.html	补齐正文，繁转简并统一译名
45_Zechariah.txt	12	https://www.ccreadbible.org/chinesebible/sigao/Zechariah_bible_Ch_12_.html	补齐正文，繁转简并统一译名
45_Zechariah.txt	13	https://www.ccreadbible.org/chinesebible/sigao/Zechariah_bible_Ch_13_.html	补齐正文，繁转简并统一译名
45_Zechariah.txt	14	https://www.ccreadbible.org/chinesebible/sigao/Zechariah_bible_Ch_14_.html	补齐正文，繁转简并统一译名
46_Malachi.txt	1	https://www.ccreadbible.org/chinesebible/sigao/Malachi_bible_Ch_1_.html	补齐正文，繁转简并统一译名
46_Malachi.txt	2	https://www.ccreadbible.org/chinesebible/sigao/Malachi_bible_Ch_2_.html	补齐正文，繁转简并统一译名
46_Malachi.txt	3	https://www.ccreadbible.org/chinesebible/sigao/Malachi_bible_Ch_3_.html	补齐正文，繁转简并统一译名
47_Matthew.txt	1	https://www.ccreadbible.org/chinesebible/sigao/Matthew_bible_Ch_1_.html	补齐正文，繁转简并统一译名
47_Matthew.txt	2	https://www.ccreadbible.org/chinesebible/sigao/Matthew_bible_Ch_2_.html	补齐正文，繁转简并统一译名
47_Matthew.txt	3	https://www.ccreadbible.org/chinesebible/sigao/Matthew_bible_Ch_3_.html	补齐正文，繁转简并统一译名
47_Matthew.txt	4	https://www.ccreadbible.org/chinesebible/sigao/Matthew_bible_Ch_4_.html	补齐正文，繁转简并统一译名
47_Matthew.txt	5	https://www.ccreadbible.org/chinesebible/sigao/Matthew_bible_Ch_5_.html	补齐正文，繁转简并统一译名
47_Matthew.txt	6	https://www.ccreadbible.org/chinesebible/sigao/Matthew_bible_Ch_6_.html	补齐正文，繁转简并统一译名
47_Matthew.txt	7	https://www.ccreadbible.org/chinesebible/sigao/Matthew_bible_Ch_7_.html	补齐正文，繁转简并统一译名
47_Matthew.txt	8	https://www.ccreadbible.org/chinesebible/sigao/Matthew_bible_Ch_8_.html	补齐正文，繁转简并统一译名
47_Matthew.txt	9	https://www.ccreadbible.org/chinesebible/sigao/Matthew_bible_Ch_9_.html	补齐正文，繁转简并统一译名
47_Matthew.txt	10	https://www.ccreadbible.org/chinesebible/sigao/Matthew_bible_Ch_10_.html	补齐正文，繁转简并统一译名
47_Matthew.txt	11	https://www.ccreadbible.org/chinesebible/sigao/Matthew_bible_Ch_11_.html	补齐正文，繁转简并统一译名
47_Matthew.txt	12	https://www.ccreadbible.org/chinesebible/sigao/Matthew_bible_Ch_12_.html	补齐正文，繁转简并统一译名
47_Matthew.txt	13	https://www.ccreadbible.org/chinesebible/sigao/Matthew_bible_Ch_13_.html	补齐正文，繁转简并统一译名
47_Matthew.txt	14	https://www.ccreadbible.org/chinesebible/sigao/Matthew_bible_Ch_14_.html	补齐正文，繁转简并统一译名
47_Matthew.txt	15	https://www.ccreadbible.org/chinesebible/sigao/Matthew_bible_Ch_15_.html	补齐正文，繁转简并统一译名
47_Matthew.txt	16	https://www.ccreadbible.org/chinesebible/sigao/Matthew_bible_Ch_16_.html	补齐正文，繁转简并统一译名
47_Matthew.txt	17	https://www.ccreadbible.org/chinesebible/sigao/Matthew_bible_Ch_17_.html	补齐正文，繁转简并统一译名
47_Matthew.txt	18	https://www.ccreadbible.org/chinesebible/sigao/Matthew_bible_Ch_18_.html	补齐正文，繁转简并统一译名
47_Matthew.txt	19	https://www.ccreadbible.org/chinesebible/sigao/Matthew_bible_Ch_19_.html	补齐正文，繁转简并统一译名
47_Matthew.txt	20	https://www.ccreadbible.org/chinesebible/sigao/Matthew_bible_Ch_20_.html	补齐正文，繁转简并统一译名
47_Matthew.txt	21	https://www.ccreadbible.org/chinesebible/sigao/Matthew_bible_Ch_21_.html	补齐正文，繁转简并统一译名
47_Matthew.txt	22	https://www.ccreadbible.org/chinesebible/sigao/Matthew_bible_Ch_22_.html	补齐正文，繁转简并统一译名
47_Matthew.txt	23	https://www.ccreadbible.org/chinesebible/sigao/Matthew_bible_Ch_23_.html	补齐正文，繁转简并统一译名
47_Matthew.txt	24	https://www.ccreadbible.org/chinesebible/sigao/Matthew_bible_Ch_24_.html	补齐正文，繁转简并统一译名
47_Matthew.txt	25	https://www.ccreadbible.org/chinesebible/sigao/Matthew_bible_Ch_25_.html	补齐正文，繁转简并统一译名
47_Matthew.txt	26	https://www.ccreadbible.org/chinesebible/sigao/Matthew_bible_Ch_26_.html	补齐正文，繁转简并统一译名
47_Matthew.txt	27	https://www.ccreadbible.org/chinesebible/sigao/Matthew_bible_Ch_27_.html	补齐正文，繁转简并统一译名
47_Matthew.txt	28	https://www.ccreadbible.org/chinesebible/sigao/Matthew_bible_Ch_28_.html	补齐正文，繁转简并统一译名
48_Mark.txt	1	https://www.ccreadbible.org/chinesebible/sigao/Mark_bible_Ch_1_.html	补齐正文，繁转简并统一译名
48_Mark.txt	2	https://www.ccreadbible.org/chinesebible/sigao/Mark_bible_Ch_2_.html	补齐正文，繁转简并统一译名
48_Mark.txt	3	https://www.ccreadbible.org/chinesebible/sigao/Mark_bible_Ch_3_.html	补齐正文，繁转简并统一译名
48_Mark.txt	4	https://www.ccreadbible.org/chinesebible/sigao/Mark_bible_Ch_4_.html	补齐正文，繁转简并统一译名
48_Mark.txt	5	https://www.ccreadbible.org/chinesebible/sigao/Mark_bible_Ch_5_.html	补齐正文，繁转简并统一译名
48_Mark.txt	6	https://www.ccreadbible.org/chinesebible/sigao/Mark_bible_Ch_6_.html	补齐正文，繁转简并统一译名
48_Mark.txt	7	https://www.ccreadbible.org/chinesebible/sigao/Mark_bible_Ch_7_.html	补齐正文，繁转简并统一译名
48_Mark.txt	8	https://www.ccreadbible.org/chinesebible/sigao/Mark_bible_Ch_8_.html	补齐正文，繁转简并统一译名
48_Mark.txt	9	https://www.ccreadbible.org/chinesebible/sigao/Mark_bible_Ch_9_.html	补齐正文，繁转简并统一译名
48_Mark.txt	10	https://www.ccreadbible.org/chinesebible/sigao/Mark_bible_Ch_10_.html	补齐正文，繁转简并统一译名
48_Mark.txt	11	https://www.ccreadbible.org/chinesebible/sigao/Mark_bible_Ch_11_.html	补齐正文，繁转简并统一译名
48_Mark.txt	12	https://www.ccreadbible.org/chinesebible/sigao/Mark_bible_Ch_12_.html	补齐正文，繁转简并统一译名
48_Mark.txt	13	https://www.ccreadbible.org/chinesebible/sigao/Mark_bible_Ch_13_.html	补齐正文，繁转简并统一译名
48_Mark.txt	14	https://www.ccreadbible.org/chinesebible/sigao/Mark_bible_Ch_14_.html	补齐正文，繁转简并统一译名
48_Mark.txt	15	https://www.ccreadbible.org/chinesebible/sigao/Mark_bible_Ch_15_.html	补齐正文，繁转简并统一译名
48_Mark.txt	16	https://www.ccreadbible.org/chinesebible/sigao/Mark_bible_Ch_16_.html	补齐正文，繁转简并统一译名
49_Luke.txt	1	https://www.ccreadbible.org/chinesebible/sigao/Luke_bible_Ch_1_.html	补齐正文，繁转简并统一译名
49_Luke.txt	2	https://www.ccreadbible.org/chinesebible/sigao/Luke_bible_Ch_2_.html	补齐正文，繁转简并统一译名
49_Luke.txt	3	https://www.ccreadbible.org/chinesebible/sigao/Luke_bible_Ch_3_.html	补齐正文，繁转简并统一译名
49_Luke.txt	4	https://www.ccreadbible.org/chinesebible/sigao/Luke_bible_Ch_4_.html	补齐正文，繁转简并统一译名
49_Luke.txt	5	https://www.ccreadbible.org/chinesebible/sigao/Luke_bible_Ch_5_.html	补齐正文，繁转简并统一译名
49_Luke.txt	6	https://www.ccreadbible.org/chinesebible/sigao/Luke_bible_Ch_6_.html	补齐正文，繁转简并统一译名
49_Luke.txt	7	https://www.ccreadbible.org/chinesebible/sigao/Luke_bible_Ch_7_.html	补齐正文，繁转简并统一译名
49_Luke.txt	8	https://www.ccreadbible.org/chinesebible/sigao/Luke_bible_Ch_8_.html	补齐正文，繁转简并统一译名
49_Luke.txt	9	https://www.ccreadbible.org/chinesebible/sigao/Luke_bible_Ch_9_.html	补齐正文，繁转简并统一译名
49_Luke.txt	10	https://www.ccreadbible.org/chinesebible/sigao/Luke_bible_Ch_10_.html	补齐正文，繁转简并统一译名
49_Luke.txt	11	https://www.ccreadbible.org/chinesebible/sigao/Luke_bible_Ch_11_.html	补齐正文，繁转简并统一译名
49_Luke.txt	12	https://www.ccreadbible.org/chinesebible/sigao/Luke_bible_Ch_12_.html	补齐正文，繁转简并统一译名
49_Luke.txt	13	https://www.ccreadbible.org/chinesebible/sigao/Luke_bible_Ch_13_.html	补齐正文，繁转简并统一译名
49_Luke.txt	14	https://www.ccreadbible.org/chinesebible/sigao/Luke_bible_Ch_14_.html	补齐正文，繁转简并统一译名
49_Luke.txt	15	https://www.ccreadbible.org/chinesebible/sigao/Luke_bible_Ch_15_.html	补齐正文，繁转简并统一译名
49_Luke.txt	16	https://www.ccreadbible.org/chinesebible/sigao/Luke_bible_Ch_16_.html	补齐正文，繁转简并统一译名
49_Luke.txt	17	https://www.ccreadbible.org/chinesebible/sigao/Luke_bible_Ch_17_.html	补齐正文，繁转简并统一译名
49_Luke.txt	18	https://www.ccreadbible.org/chinesebible/sigao/Luke_bible_Ch_18_.html	补齐正文，繁转简并统一译名
49_Luke.txt	19	https://www.ccreadbible.org/chinesebible/sigao/Luke_bible_Ch_19_.html	补齐正文，繁转简并统一译名
49_Luke.txt	20	https://www.ccreadbible.org/chinesebible/sigao/Luke_bible_Ch_20_.html	补齐正文，繁转简并统一译名
49_Luke.txt	21	https://www.ccreadbible.org/chinesebible/sigao/Luke_bible_Ch_21_.html	补齐正文，繁转简并统一译名
49_Luke.txt	22	https://www.ccreadbible.org/chinesebible/sigao/Luke_bible_Ch_22_.html	补齐正文，繁转简并统一译名
49_Luke.txt	23	https://www.ccreadbible.org/chinesebible/sigao/Luke_bible_Ch_23_.html	补齐正文，繁转简并统一译名
49_Luke.txt	24	https://www.ccreadbible.org/chinesebible/sigao/Luke_bible_Ch_24_.html	补齐正文，繁转简并统一译名
50_John.txt	1	https://www.ccreadbible.org/chinesebible/sigao/John_bible_Ch_1_.html	补齐正文，繁转简并统一译名
50_John.txt	2	https://www.ccreadbible.org/chinesebible/sigao/John_bible_Ch_2_.html	补齐正文，繁转简并统一译名
50_John.txt	3	https://www.ccreadbible.org/chinesebible/sigao/John_bible_Ch_3_.html	补齐正文，繁转简并统一译名
50_John.txt	4	https://www.ccreadbible.org/chinesebible/sigao/John_bible_Ch_4_.html	补齐正文，繁转简并统一译名
50_John.txt	5	https://www.ccreadbible.org/chinesebible/sigao/John_bible_Ch_5_.html	补齐正文，繁转简并统一译名
50_John.txt	6	https://www.ccreadbible.org/chinesebible/sigao/John_bible_Ch_6_.html	补齐正文，繁转简并统一译名
50_John.txt	7	https://www.ccreadbible.org/chinesebible/sigao/John_bible_Ch_7_.html	补齐正文，繁转简并统一译名
50_John.txt	8	https://www.ccreadbible.org/chinesebible/sigao/John_bible_Ch_8_.html	补齐正文，繁转简并统一译名
50_John.txt	9	https://www.ccreadbible.org/chinesebible/sigao/John_bible_Ch_9_.html	补齐正文，繁转简并统一译名
50_John.txt	10	https://www.ccreadbible.org/chinesebible/sigao/John_bible_Ch_10_.html	补齐正文，繁转简并统一译名
50_John.txt	11	https://www.ccreadbible.org/chinesebible/sigao/John_bible_Ch_11_.html	补齐正文，繁转简并统一译名
50_John.txt	12	https://www.ccreadbible.org/chinesebible/sigao/John_bible_Ch_12_.html	补齐正文，繁转简并统一译名
50_John.txt	13	https://www.ccreadbible.org/chinesebible/sigao/John_bible_Ch_13_.html	补齐正文，繁转简并统一译名
50_John.txt	14	https://www.ccreadbible.org/chinesebible/sigao/John_bible_Ch_14_.html	补齐正文，繁转简并统一译名
50_John.txt	15	https://www.ccreadbible.org/chinesebible/sigao/John_bible_Ch_15_.html	补齐正文，繁转简并统一译名
50_John.txt	16	https://www.ccreadbible.org/chinesebible/sigao/John_bible_Ch_16_.html	补齐正文，繁转简并统一译名
50_John.txt	17	https://www.ccreadbible.org/chinesebible/sigao/John_bible_Ch_17_.html	补齐正文，繁转简并统一译名
50_John.txt	18	https://www.ccreadbible.org/chinesebible/sigao/John_bible_Ch_18_.html	补齐正文，繁转简并统一译名
50_John.txt	19	https://www.ccreadbible.org/chinesebible/sigao/John_bible_Ch_19_.html	补齐正文，繁转简并统一译名
50_John.txt	20	https://www.ccreadbible.org/chinesebible/sigao/John_bible_Ch_20_.html	补齐正文，繁转简并统一译名
50_John.txt	21	https://www.ccreadbible.org/chinesebible/sigao/John_bible_Ch_21_.html	补齐正文，繁转简并统一译名
51_Acts.txt	1	https://www.ccreadbible.org/chinesebible/sigao/Acts_bible_Ch_1_.html	补齐正文，繁转简并统一译名
51_Acts.txt	2	https://www.ccreadbible.org/chinesebible/sigao/Acts_bible_Ch_2_.html	补齐正文，繁转简并统一译名
51_Acts.txt	3	https://www.ccreadbible.org/chinesebible/sigao/Acts_bible_Ch_3_.html	补齐正文，繁转简并统一译名
51_Acts.txt	4	https://www.ccreadbible.org/chinesebible/sigao/Acts_bible_Ch_4_.html	补齐正文，繁转简并统一译名
51_Acts.txt	5	https://www.ccreadbible.org/chinesebible/sigao/Acts_bible_Ch_5_.html	补齐正文，繁转简并统一译名
51_Acts.txt	6	https://www.ccreadbible.org/chinesebible/sigao/Acts_bible_Ch_6_.html	补齐正文，繁转简并统一译名
51_Acts.txt	7	https://www.ccreadbible.org/chinesebible/sigao/Acts_bible_Ch_7_.html	补齐正文，繁转简并统一译名
51_Acts.txt	8	https://www.ccreadbible.org/chinesebible/sigao/Acts_bible_Ch_8_.html	补齐正文，繁转简并统一译名
51_Acts.txt	9	https://www.ccreadbible.org/chinesebible/sigao/Acts_bible_Ch_9_.html	补齐正文，繁转简并统一译名
51_Acts.txt	10	https://www.ccreadbible.org/chinesebible/sigao/Acts_bible_Ch_10_.html	补齐正文，繁转简并统一译名
51_Acts.txt	11	https://www.ccreadbible.org/chinesebible/sigao/Acts_bible_Ch_11_.html	补齐正文，繁转简并统一译名
51_Acts.txt	12	https://www.ccreadbible.org/chinesebible/sigao/Acts_bible_Ch_12_.html	补齐正文，繁转简并统一译名
51_Acts.txt	13	https://www.ccreadbible.org/chinesebible/sigao/Acts_bible_Ch_13_.html	补齐正文，繁转简并统一译名
51_Acts.txt	14	https://www.ccreadbible.org/chinesebible/sigao/Acts_bible_Ch_14_.html	补齐正文，繁转简并统一译名
51_Acts.txt	15	https://www.ccreadbible.org/chinesebible/sigao/Acts_bible_Ch_15_.html	补齐正文，繁转简并统一译名
51_Acts.txt	16	https://www.ccreadbible.org/chinesebible/sigao/Acts_bible_Ch_16_.html	补齐正文，繁转简并统一译名
51_Acts.txt	17	https://www.ccreadbible.org/chinesebible/sigao/Acts_bible_Ch_17_.html	补齐正文，繁转简并统一译名
51_Acts.txt	18	https://www.ccreadbible.org/chinesebible/sigao/Acts_bible_Ch_18_.html	补齐正文，繁转简并统一译名
51_Acts.txt	19	https://www.ccreadbible.org/chinesebible/sigao/Acts_bible_Ch_19_.html	补齐正文，繁转简并统一译名
51_Acts.txt	20	https://www.ccreadbible.org/chinesebible/sigao/Acts_bible_Ch_20_.html	补齐正文，繁转简并统一译名
51_Acts.txt	21	https://www.ccreadbible.org/chinesebible/sigao/Acts_bible_Ch_21_.html	补齐正文，繁转简并统一译名
51_Acts.txt	22	https://www.ccreadbible.org/chinesebible/sigao/Acts_bible_Ch_22_.html	补齐正文，繁转简并统一译名
51_Acts.txt	23	https://www.ccreadbible.org/chinesebible/sigao/Acts_bible_Ch_23_.html	补齐正文，繁转简并统一译名
51_Acts.txt	24	https://www.ccreadbible.org/chinesebible/sigao/Acts_bible_Ch_24_.html	补齐正文，繁转简并统一译名
51_Acts.txt	25	https://www.ccreadbible.org/chinesebible/sigao/Acts_bible_Ch_25_.html	补齐正文，繁转简并统一译名
51_Acts.txt	26	https://www.ccreadbible.org/chinesebible/sigao/Acts_bible_Ch_26_.html	补齐正文，繁转简并统一译名
51_Acts.txt	27	https://www.ccreadbible.org/chinesebible/sigao/Acts_bible_Ch_27_.html	补齐正文，繁转简并统一译名
51_Acts.txt	28	https://www.ccreadbible.org/chinesebible/sigao/Acts_bible_Ch_28_.html	补齐正文，繁转简并统一译名
52_Romans.txt	1	https://www.ccreadbible.org/chinesebible/sigao/Romans_bible_Ch_1_.html	补齐正文，繁转简并统一译名
52_Romans.txt	2	https://www.ccreadbible.org/chinesebible/sigao/Romans_bible_Ch_2_.html	补齐正文，繁转简并统一译名
52_Romans.txt	3	https://www.ccreadbible.org/chinesebible/sigao/Romans_bible_Ch_3_.html	补齐正文，繁转简并统一译名
52_Romans.txt	4	https://www.ccreadbible.org/chinesebible/sigao/Romans_bible_Ch_4_.html	补齐正文，繁转简并统一译名
52_Romans.txt	5	https://www.ccreadbible.org/chinesebible/sigao/Romans_bible_Ch_5_.html	补齐正文，繁转简并统一译名
52_Romans.txt	6	https://www.ccreadbible.org/chinesebible/sigao/Romans_bible_Ch_6_.html	补齐正文，繁转简并统一译名
52_Romans.txt	7	https://www.ccreadbible.org/chinesebible/sigao/Romans_bible_Ch_7_.html	补齐正文，繁转简并统一译名
52_Romans.txt	8	https://www.ccreadbible.org/chinesebible/sigao/Romans_bible_Ch_8_.html	补齐正文，繁转简并统一译名
52_Romans.txt	9	https://www.ccreadbible.org/chinesebible/sigao/Romans_bible_Ch_9_.html	补齐正文，繁转简并统一译名
52_Romans.txt	10	https://www.ccreadbible.org/chinesebible/sigao/Romans_bible_Ch_10_.html	补齐正文，繁转简并统一译名
52_Romans.txt	11	https://www.ccreadbible.org/chinesebible/sigao/Romans_bible_Ch_11_.html	补齐正文，繁转简并统一译名
52_Romans.txt	12	https://www.ccreadbible.org/chinesebible/sigao/Romans_bible_Ch_12_.html	补齐正文，繁转简并统一译名
52_Romans.txt	13	https://www.ccreadbible.org/chinesebible/sigao/Romans_bible_Ch_13_.html	补齐正文，繁转简并统一译名
52_Romans.txt	14	https://www.ccreadbible.org/chinesebible/sigao/Romans_bible_Ch_14_.html	补齐正文，繁转简并统一译名
52_Romans.txt	15	https://www.ccreadbible.org/chinesebible/sigao/Romans_bible_Ch_15_.html	补齐正文，繁转简并统一译名
52_Romans.txt	16	https://www.ccreadbible.org/chinesebible/sigao/Romans_bible_Ch_16_.html	补齐正文，繁转简并统一译名
53_1_Corinthians.txt	1	https://www.ccreadbible.org/chinesebible/sigao/1_Corinthians_bible_Ch_1_.html	补齐正文，繁转简并统一译名
53_1_Corinthians.txt	2	https://www.ccreadbible.org/chinesebible/sigao/1_Corinthians_bible_Ch_2_.html	补齐正文，繁转简并统一译名
53_1_Corinthians.txt	3	https://www.ccreadbible.org/chinesebible/sigao/1_Corinthians_bible_Ch_3_.html	补齐正文，繁转简并统一译名
53_1_Corinthians.txt	4	https://www.ccreadbible.org/chinesebible/sigao/1_Corinthians_bible_Ch_4_.html	补齐正文，繁转简并统一译名
53_1_Corinthians.txt	5	https://www.ccreadbible.org/chinesebible/sigao/1_Corinthians_bible_Ch_5_.html	补齐正文，繁转简并统一译名
53_1_Corinthians.txt	6	https://www.ccreadbible.org/chinesebible/sigao/1_Corinthians_bible_Ch_6_.html	补齐正文，繁转简并统一译名
53_1_Corinthians.txt	7	https://www.ccreadbible.org/chinesebible/sigao/1_Corinthians_bible_Ch_7_.html	补齐正文，繁转简并统一译名
53_1_Corinthians.txt	8	https://www.ccreadbible.org/chinesebible/sigao/1_Corinthians_bible_Ch_8_.html	补齐正文，繁转简并统一译名
53_1_Corinthians.txt	9	https://www.ccreadbible.org/chinesebible/sigao/1_Corinthians_bible_Ch_9_.html	补齐正文，繁转简并统一译名
53_1_Corinthians.txt	10	https://www.ccreadbible.org/chinesebible/sigao/1_Corinthians_bible_Ch_10_.html	补齐正文，繁转简并统一译名
53_1_Corinthians.txt	11	https://www.ccreadbible.org/chinesebible/sigao/1_Corinthians_bible_Ch_11_.html	补齐正文，繁转简并统一译名
53_1_Corinthians.txt	12	https://www.ccreadbible.org/chinesebible/sigao/1_Corinthians_bible_Ch_12_.html	补齐正文，繁转简并统一译名
53_1_Corinthians.txt	13	https://www.ccreadbible.org/chinesebible/sigao/1_Corinthians_bible_Ch_13_.html	补齐正文，繁转简并统一译名
53_1_Corinthians.txt	14	https://www.ccreadbible.org/chinesebible/sigao/1_Corinthians_bible_Ch_14_.html	补齐正文，繁转简并统一译名
53_1_Corinthians.txt	15	https://www.ccreadbible.org/chinesebible/sigao/1_Corinthians_bible_Ch_15_.html	补齐正文，繁转简并统一译名
53_1_Corinthians.txt	16	https://www.ccreadbible.org/chinesebible/sigao/1_Corinthians_bible_Ch_16_.html	补齐正文，繁转简并统一译名
54_2_Corinthians.txt	1	https://www.ccreadbible.org/chinesebible/sigao/2_Corinthians_bible_Ch_1_.html	补齐正文，繁转简并统一译名
54_2_Corinthians.txt	2	https://www.ccreadbible.org/chinesebible/sigao/2_Corinthians_bible_Ch_2_.html	补齐正文，繁转简并统一译名
54_2_Corinthians.txt	3	https://www.ccreadbible.org/chinesebible/sigao/2_Corinthians_bible_Ch_3_.html	补齐正文，繁转简并统一译名
54_2_Corinthians.txt	4	https://www.ccreadbible.org/chinesebible/sigao/2_Corinthians_bible_Ch_4_.html	补齐正文，繁转简并统一译名
54_2_Corinthians.txt	5	https://www.ccreadbible.org/chinesebible/sigao/2_Corinthians_bible_Ch_5_.html	补齐正文，繁转简并统一译名
54_2_Corinthians.txt	6	https://www.ccreadbible.org/chinesebible/sigao/2_Corinthians_bible_Ch_6_.html	补齐正文，繁转简并统一译名
54_2_Corinthians.txt	7	https://www.ccreadbible.org/chinesebible/sigao/2_Corinthians_bible_Ch_7_.html	补齐正文，繁转简并统一译名
54_2_Corinthians.txt	8	https://www.ccreadbible.org/chinesebible/sigao/2_Corinthians_bible_Ch_8_.html	补齐正文，繁转简并统一译名
54_2_Corinthians.txt	9	https://www.ccreadbible.org/chinesebible/sigao/2_Corinthians_bible_Ch_9_.html	补齐正文，繁转简并统一译名
54_2_Corinthians.txt	10	https://www.ccreadbible.org/chinesebible/sigao/2_Corinthians_bible_Ch_10_.html	补齐正文，繁转简并统一译名
54_2_Corinthians.txt	11	https://www.ccreadbible.org/chinesebible/sigao/2_Corinthians_bible_Ch_11_.html	补齐正文，繁转简并统一译名
54_2_Corinthians.txt	12	https://www.ccreadbible.org/chinesebible/sigao/2_Corinthians_bible_Ch_12_.html	补齐正文，繁转简并统一译名
54_2_Corinthians.txt	13	https://www.ccreadbible.org/chinesebible/sigao/2_Corinthians_bible_Ch_13_.html	补齐正文，繁转简并统一译名
55_Galatians.txt	1	https://github.com/IoannesRui/bible/blob/6cfbf71622ead0aaef5a1f6c03d62b01a42a169c/books/55_Galatians.tex	原有正文与注释，保持本仓库之前的转换内容
55_Galatians.txt	2	https://github.com/IoannesRui/bible/blob/6cfbf71622ead0aaef5a1f6c03d62b01a42a169c/books/55_Galatians.tex	原有正文与注释，保持本仓库之前的转换内容
55_Galatians.txt	3	https://github.com/IoannesRui/bible/blob/6cfbf71622ead0aaef5a1f6c03d62b01a42a169c/books/55_Galatians.tex	原有正文与注释，保持本仓库之前的转换内容
55_Galatians.txt	4	https://github.com/IoannesRui/bible/blob/6cfbf71622ead0aaef5a1f6c03d62b01a42a169c/books/55_Galatians.tex	原有正文与注释，保持本仓库之前的转换内容
55_Galatians.txt	5	https://github.com/IoannesRui/bible/blob/6cfbf71622ead0aaef5a1f6c03d62b01a42a169c/books/55_Galatians.tex	原有正文与注释，保持本仓库之前的转换内容
55_Galatians.txt	6	https://github.com/IoannesRui/bible/blob/6cfbf71622ead0aaef5a1f6c03d62b01a42a169c/books/55_Galatians.tex	原有正文与注释，保持本仓库之前的转换内容
56_Ephesians.txt	1	https://www.ccreadbible.org/chinesebible/sigao/Ephesians_bible_Ch_1_.html	补齐正文，繁转简并统一译名
56_Ephesians.txt	2	https://www.ccreadbible.org/chinesebible/sigao/Ephesians_bible_Ch_2_.html	补齐正文，繁转简并统一译名
56_Ephesians.txt	3	https://www.ccreadbible.org/chinesebible/sigao/Ephesians_bible_Ch_3_.html	补齐正文，繁转简并统一译名
56_Ephesians.txt	4	https://www.ccreadbible.org/chinesebible/sigao/Ephesians_bible_Ch_4_.html	补齐正文，繁转简并统一译名
56_Ephesians.txt	5	https://www.ccreadbible.org/chinesebible/sigao/Ephesians_bible_Ch_5_.html	补齐正文，繁转简并统一译名
56_Ephesians.txt	6	https://www.ccreadbible.org/chinesebible/sigao/Ephesians_bible_Ch_6_.html	补齐正文，繁转简并统一译名
57_Philippians.txt	1	https://www.ccreadbible.org/chinesebible/sigao/Philippians_bible_Ch_1_.html	补齐正文，繁转简并统一译名
57_Philippians.txt	2	https://www.ccreadbible.org/chinesebible/sigao/Philippians_bible_Ch_2_.html	补齐正文，繁转简并统一译名
57_Philippians.txt	3	https://www.ccreadbible.org/chinesebible/sigao/Philippians_bible_Ch_3_.html	补齐正文，繁转简并统一译名
57_Philippians.txt	4	https://www.ccreadbible.org/chinesebible/sigao/Philippians_bible_Ch_4_.html	补齐正文，繁转简并统一译名
58_Colossians.txt	1	https://www.ccreadbible.org/chinesebible/sigao/Colossians_bible_Ch_1_.html	补齐正文，繁转简并统一译名
58_Colossians.txt	2	https://www.ccreadbible.org/chinesebible/sigao/Colossians_bible_Ch_2_.html	补齐正文，繁转简并统一译名
58_Colossians.txt	3	https://www.ccreadbible.org/chinesebible/sigao/Colossians_bible_Ch_3_.html	补齐正文，繁转简并统一译名
58_Colossians.txt	4	https://www.ccreadbible.org/chinesebible/sigao/Colossians_bible_Ch_4_.html	补齐正文，繁转简并统一译名
59_1_Thessalonians.txt	1	https://www.ccreadbible.org/chinesebible/sigao/1_Thessalonians_bible_Ch_1_.html	补齐正文，繁转简并统一译名
59_1_Thessalonians.txt	2	https://www.ccreadbible.org/chinesebible/sigao/1_Thessalonians_bible_Ch_2_.html	补齐正文，繁转简并统一译名
59_1_Thessalonians.txt	3	https://www.ccreadbible.org/chinesebible/sigao/1_Thessalonians_bible_Ch_3_.html	补齐正文，繁转简并统一译名
59_1_Thessalonians.txt	4	https://www.ccreadbible.org/chinesebible/sigao/1_Thessalonians_bible_Ch_4_.html	补齐正文，繁转简并统一译名
59_1_Thessalonians.txt	5	https://www.ccreadbible.org/chinesebible/sigao/1_Thessalonians_bible_Ch_5_.html	补齐正文，繁转简并统一译名
60_2_Thessalonians.txt	1	https://www.ccreadbible.org/chinesebible/sigao/2_Thessalonians_bible_Ch_1_.html	补齐正文，繁转简并统一译名
60_2_Thessalonians.txt	2	https://www.ccreadbible.org/chinesebible/sigao/2_Thessalonians_bible_Ch_2_.html	补齐正文，繁转简并统一译名
60_2_Thessalonians.txt	3	https://www.ccreadbible.org/chinesebible/sigao/2_Thessalonians_bible_Ch_3_.html	补齐正文，繁转简并统一译名
61_1_Timothy.txt	1	https://www.ccreadbible.org/chinesebible/sigao/1_Timothy_bible_Ch_1_.html	补齐正文，繁转简并统一译名
61_1_Timothy.txt	2	https://www.ccreadbible.org/chinesebible/sigao/1_Timothy_bible_Ch_2_.html	补齐正文，繁转简并统一译名
61_1_Timothy.txt	3	https://www.ccreadbible.org/chinesebible/sigao/1_Timothy_bible_Ch_3_.html	补齐正文，繁转简并统一译名
61_1_Timothy.txt	4	https://www.ccreadbible.org/chinesebible/sigao/1_Timothy_bible_Ch_4_.html	补齐正文，繁转简并统一译名
61_1_Timothy.txt	5	https://www.ccreadbible.org/chinesebible/sigao/1_Timothy_bible_Ch_5_.html	补齐正文，繁转简并统一译名
61_1_Timothy.txt	6	https://www.ccreadbible.org/chinesebible/sigao/1_Timothy_bible_Ch_6_.html	补齐正文，繁转简并统一译名
62_2_Timothy.txt	1	https://www.ccreadbible.org/chinesebible/sigao/2_Timothy_bible_Ch_1_.html	补齐正文，繁转简并统一译名
62_2_Timothy.txt	2	https://www.ccreadbible.org/chinesebible/sigao/2_Timothy_bible_Ch_2_.html	补齐正文，繁转简并统一译名
62_2_Timothy.txt	3	https://www.ccreadbible.org/chinesebible/sigao/2_Timothy_bible_Ch_3_.html	补齐正文，繁转简并统一译名
62_2_Timothy.txt	4	https://www.ccreadbible.org/chinesebible/sigao/2_Timothy_bible_Ch_4_.html	补齐正文，繁转简并统一译名
63_Titus.txt	1	https://github.com/IoannesRui/bible/blob/6cfbf71622ead0aaef5a1f6c03d62b01a42a169c/books/63_Titus.tex	原有正文与注释，保持本仓库之前的转换内容
63_Titus.txt	2	https://github.com/IoannesRui/bible/blob/6cfbf71622ead0aaef5a1f6c03d62b01a42a169c/books/63_Titus.tex	原有正文与注释，保持本仓库之前的转换内容
63_Titus.txt	3	https://github.com/IoannesRui/bible/blob/6cfbf71622ead0aaef5a1f6c03d62b01a42a169c/books/63_Titus.tex	原有正文与注释，保持本仓库之前的转换内容
64_Philemon.txt	1	https://github.com/IoannesRui/bible/blob/6cfbf71622ead0aaef5a1f6c03d62b01a42a169c/books/64_Philemon.tex	原有正文与注释，保持本仓库之前的转换内容
65_Hebrews.txt	1	https://www.ccreadbible.org/chinesebible/sigao/Hebrews_bible_Ch_1_.html	补齐正文，繁转简并统一译名
65_Hebrews.txt	2	https://www.ccreadbible.org/chinesebible/sigao/Hebrews_bible_Ch_2_.html	补齐正文，繁转简并统一译名
65_Hebrews.txt	3	https://www.ccreadbible.org/chinesebible/sigao/Hebrews_bible_Ch_3_.html	补齐正文，繁转简并统一译名
65_Hebrews.txt	4	https://www.ccreadbible.org/chinesebible/sigao/Hebrews_bible_Ch_4_.html	补齐正文，繁转简并统一译名
65_Hebrews.txt	5	https://www.ccreadbible.org/chinesebible/sigao/Hebrews_bible_Ch_5_.html	补齐正文，繁转简并统一译名
65_Hebrews.txt	6	https://www.ccreadbible.org/chinesebible/sigao/Hebrews_bible_Ch_6_.html	补齐正文，繁转简并统一译名
65_Hebrews.txt	7	https://www.ccreadbible.org/chinesebible/sigao/Hebrews_bible_Ch_7_.html	补齐正文，繁转简并统一译名
65_Hebrews.txt	8	https://www.ccreadbible.org/chinesebible/sigao/Hebrews_bible_Ch_8_.html	补齐正文，繁转简并统一译名
65_Hebrews.txt	9	https://www.ccreadbible.org/chinesebible/sigao/Hebrews_bible_Ch_9_.html	补齐正文，繁转简并统一译名
65_Hebrews.txt	10	https://www.ccreadbible.org/chinesebible/sigao/Hebrews_bible_Ch_10_.html	补齐正文，繁转简并统一译名
65_Hebrews.txt	11	https://www.ccreadbible.org/chinesebible/sigao/Hebrews_bible_Ch_11_.html	补齐正文，繁转简并统一译名
65_Hebrews.txt	12	https://www.ccreadbible.org/chinesebible/sigao/Hebrews_bible_Ch_12_.html	补齐正文，繁转简并统一译名
65_Hebrews.txt	13	https://www.ccreadbible.org/chinesebible/sigao/Hebrews_bible_Ch_13_.html	补齐正文，繁转简并统一译名
66_James.txt	1	https://www.ccreadbible.org/chinesebible/sigao/James_bible_Ch_1_.html	补齐正文，繁转简并统一译名
66_James.txt	2	https://www.ccreadbible.org/chinesebible/sigao/James_bible_Ch_2_.html	补齐正文，繁转简并统一译名
66_James.txt	3	https://www.ccreadbible.org/chinesebible/sigao/James_bible_Ch_3_.html	补齐正文，繁转简并统一译名
66_James.txt	4	https://www.ccreadbible.org/chinesebible/sigao/James_bible_Ch_4_.html	补齐正文，繁转简并统一译名
66_James.txt	5	https://www.ccreadbible.org/chinesebible/sigao/James_bible_Ch_5_.html	补齐正文，繁转简并统一译名
67_1_Peter.txt	1	https://github.com/IoannesRui/bible/blob/6cfbf71622ead0aaef5a1f6c03d62b01a42a169c/books/67_1_Peter.tex	原有正文与注释，保持本仓库之前的转换内容
67_1_Peter.txt	2	https://github.com/IoannesRui/bible/blob/6cfbf71622ead0aaef5a1f6c03d62b01a42a169c/books/67_1_Peter.tex	原有正文与注释，保持本仓库之前的转换内容
67_1_Peter.txt	3	https://github.com/IoannesRui/bible/blob/6cfbf71622ead0aaef5a1f6c03d62b01a42a169c/books/67_1_Peter.tex	原有正文与注释，保持本仓库之前的转换内容
67_1_Peter.txt	4	https://github.com/IoannesRui/bible/blob/6cfbf71622ead0aaef5a1f6c03d62b01a42a169c/books/67_1_Peter.tex	原有正文与注释，保持本仓库之前的转换内容
67_1_Peter.txt	5	https://github.com/IoannesRui/bible/blob/6cfbf71622ead0aaef5a1f6c03d62b01a42a169c/books/67_1_Peter.tex	原有正文与注释，保持本仓库之前的转换内容
68_2_Peter.txt	1	https://github.com/IoannesRui/bible/blob/6cfbf71622ead0aaef5a1f6c03d62b01a42a169c/books/68_2_Peter.tex	原有正文与注释，保持本仓库之前的转换内容
68_2_Peter.txt	2	https://github.com/IoannesRui/bible/blob/6cfbf71622ead0aaef5a1f6c03d62b01a42a169c/books/68_2_Peter.tex	原有正文与注释，保持本仓库之前的转换内容
68_2_Peter.txt	3	https://github.com/IoannesRui/bible/blob/6cfbf71622ead0aaef5a1f6c03d62b01a42a169c/books/68_2_Peter.tex	原有正文与注释，保持本仓库之前的转换内容
69_1_John.txt	1	https://github.com/IoannesRui/bible/blob/6cfbf71622ead0aaef5a1f6c03d62b01a42a169c/books/69_1_John.tex	原有正文与注释，保持本仓库之前的转换内容
69_1_John.txt	2	https://github.com/IoannesRui/bible/blob/6cfbf71622ead0aaef5a1f6c03d62b01a42a169c/books/69_1_John.tex	原有正文与注释，保持本仓库之前的转换内容
69_1_John.txt	3	https://github.com/IoannesRui/bible/blob/6cfbf71622ead0aaef5a1f6c03d62b01a42a169c/books/69_1_John.tex	原有正文与注释，保持本仓库之前的转换内容
69_1_John.txt	4	https://github.com/IoannesRui/bible/blob/6cfbf71622ead0aaef5a1f6c03d62b01a42a169c/books/69_1_John.tex	原有正文与注释，保持本仓库之前的转换内容
69_1_John.txt	5	https://github.com/IoannesRui/bible/blob/6cfbf71622ead0aaef5a1f6c03d62b01a42a169c/books/69_1_John.tex	原有正文与注释，保持本仓库之前的转换内容
70_2_John.txt	1	https://github.com/IoannesRui/bible/blob/6cfbf71622ead0aaef5a1f6c03d62b01a42a169c/books/70_2_John.tex	原有正文与注释，保持本仓库之前的转换内容
71_3_John.txt	1	https://github.com/IoannesRui/bible/blob/6cfbf71622ead0aaef5a1f6c03d62b01a42a169c/books/71_3_John.tex	原有正文与注释，保持本仓库之前的转换内容
72_Jude.txt	1	https://github.com/IoannesRui/bible/blob/6cfbf71622ead0aaef5a1f6c03d62b01a42a169c/books/72_Jude.tex	原有正文与注释，保持本仓库之前的转换内容
73_Revelation.txt	1	https://www.ccreadbible.org/chinesebible/sigao/Revelation_bible_Ch_1_.html	补齐正文，繁转简并统一译名
73_Revelation.txt	2	https://www.ccreadbible.org/chinesebible/sigao/Revelation_bible_Ch_2_.html	补齐正文，繁转简并统一译名
73_Revelation.txt	3	https://www.ccreadbible.org/chinesebible/sigao/Revelation_bible_Ch_3_.html	补齐正文，繁转简并统一译名
73_Revelation.txt	4	https://www.ccreadbible.org/chinesebible/sigao/Revelation_bible_Ch_4_.html	补齐正文，繁转简并统一译名
73_Revelation.txt	5	https://www.ccreadbible.org/chinesebible/sigao/Revelation_bible_Ch_5_.html	补齐正文，繁转简并统一译名
73_Revelation.txt	6	https://www.ccreadbible.org/chinesebible/sigao/Revelation_bible_Ch_6_.html	补齐正文，繁转简并统一译名
73_Revelation.txt	7	https://www.ccreadbible.org/chinesebible/sigao/Revelation_bible_Ch_7_.html	补齐正文，繁转简并统一译名
73_Revelation.txt	8	https://www.ccreadbible.org/chinesebible/sigao/Revelation_bible_Ch_8_.html	补齐正文，繁转简并统一译名
73_Revelation.txt	9	https://www.ccreadbible.org/chinesebible/sigao/Revelation_bible_Ch_9_.html	补齐正文，繁转简并统一译名
73_Revelation.txt	10	https://www.ccreadbible.org/chinesebible/sigao/Revelation_bible_Ch_10_.html	补齐正文，繁转简并统一译名
73_Revelation.txt	11	https://www.ccreadbible.org/chinesebible/sigao/Revelation_bible_Ch_11_.html	补齐正文，繁转简并统一译名
73_Revelation.txt	12	https://www.ccreadbible.org/chinesebible/sigao/Revelation_bible_Ch_12_.html	补齐正文，繁转简并统一译名
73_Revelation.txt	13	https://www.ccreadbible.org/chinesebible/sigao/Revelation_bible_Ch_13_.html	补齐正文，繁转简并统一译名
73_Revelation.txt	14	https://www.ccreadbible.org/chinesebible/sigao/Revelation_bible_Ch_14_.html	补齐正文，繁转简并统一译名
73_Revelation.txt	15	https://www.ccreadbible.org/chinesebible/sigao/Revelation_bible_Ch_15_.html	补齐正文，繁转简并统一译名
73_Revelation.txt	16	https://www.ccreadbible.org/chinesebible/sigao/Revelation_bible_Ch_16_.html	补齐正文，繁转简并统一译名
73_Revelation.txt	17	https://www.ccreadbible.org/chinesebible/sigao/Revelation_bible_Ch_17_.html	补齐正文，繁转简并统一译名
73_Revelation.txt	18	https://www.ccreadbible.org/chinesebible/sigao/Revelation_bible_Ch_18_.html	补齐正文，繁转简并统一译名
73_Revelation.txt	19	https://www.ccreadbible.org/chinesebible/sigao/Revelation_bible_Ch_19_.html	补齐正文，繁转简并统一译名
73_Revelation.txt	20	https://www.ccreadbible.org/chinesebible/sigao/Revelation_bible_Ch_20_.html	补齐正文，繁转简并统一译名
73_Revelation.txt	21	https://www.ccreadbible.org/chinesebible/sigao/Revelation_bible_Ch_21_.html	补齐正文，繁转简并统一译名
73_Revelation.txt	22	https://www.ccreadbible.org/chinesebible/sigao/Revelation_bible_Ch_22_.html	补齐正文，繁转简并统一译名
